/*
 Navicat Premium Data Transfer

 Source Server         : mysql_localhost
 Source Server Type    : MySQL
 Source Server Version : 80029
 Source Host           : localhost:3306
 Source Schema         : ims

 Target Server Type    : MySQL
 Target Server Version : 80029
 File Encoding         : 65001

 Date: 28/12/2022 19:13:21
*/

SET NAMES utf8mb4;
SET FOREIGN_KEY_CHECKS = 0;

-- ----------------------------
-- Table structure for t_company
-- ----------------------------
DROP TABLE IF EXISTS `t_company`;
CREATE TABLE `t_company`  (
  `company_id` int(0) NOT NULL AUTO_INCREMENT COMMENT '供应商编号',
  `company_type` char(10) CHARACTER SET utf8mb4 COLLATE utf8mb4_0900_ai_ci NOT NULL DEFAULT '客户',
  `company_name` varchar(64) CHARACTER SET utf8mb4 COLLATE utf8mb4_0900_ai_ci NOT NULL DEFAULT '' COMMENT '供应商名称',
  `company_add` varchar(64) CHARACTER SET utf8mb4 COLLATE utf8mb4_0900_ai_ci NOT NULL DEFAULT '' COMMENT '供应商地址',
  `bank_name` varchar(32) CHARACTER SET utf8mb4 COLLATE utf8mb4_0900_ai_ci NOT NULL DEFAULT '' COMMENT '供应商银行名称',
  `bank_acct` char(20) CHARACTER SET utf8mb4 COLLATE utf8mb4_0900_ai_ci NOT NULL DEFAULT '' COMMENT '供应商银行账户',
  `tax_id` char(20) CHARACTER SET utf8mb4 COLLATE utf8mb4_0900_ai_ci NOT NULL DEFAULT '' COMMENT '供应商税号',
  `contact_name` char(8) CHARACTER SET utf8mb4 COLLATE utf8mb4_0900_ai_ci NOT NULL DEFAULT '' COMMENT '联系人名称',
  `contact_post` varchar(32) CHARACTER SET utf8mb4 COLLATE utf8mb4_0900_ai_ci NOT NULL DEFAULT '' COMMENT '联系人职位',
  `contact_phone` char(16) CHARACTER SET utf8mb4 COLLATE utf8mb4_0900_ai_ci NOT NULL DEFAULT '' COMMENT '联系人电话',
  `contact_email` varchar(32) CHARACTER SET utf8mb4 COLLATE utf8mb4_0900_ai_ci NOT NULL DEFAULT '' COMMENT '联系人邮箱',
  `supplier_comment` varchar(255) CHARACTER SET utf8mb4 COLLATE utf8mb4_0900_ai_ci NOT NULL DEFAULT '' COMMENT '供应商备注',
  `is_deleted` tinyint(1) NOT NULL DEFAULT 0 COMMENT '是否删除',
  `create_time` datetime(0) NOT NULL DEFAULT CURRENT_TIMESTAMP(0) COMMENT '创建时间',
  `update_time` datetime(0) NOT NULL DEFAULT CURRENT_TIMESTAMP(0) ON UPDATE CURRENT_TIMESTAMP(0) COMMENT '更新时间',
  PRIMARY KEY (`company_id`) USING BTREE
) ENGINE = InnoDB AUTO_INCREMENT = 10 CHARACTER SET = utf8mb4 COLLATE = utf8mb4_0900_ai_ci ROW_FORMAT = Dynamic;

-- ----------------------------
-- Records of t_company
-- ----------------------------
INSERT INTO `t_company` VALUES (1, '供应商', '测试', '', '', '', '', '测试', '', '123123', '', '', 0, '2022-12-01 22:46:18', '2022-12-01 22:46:18');
INSERT INTO `t_company` VALUES (2, '供应商', '供应商1', '', '', '', '', '张三', '', '12312341234', '', '', 0, '2022-12-04 19:17:12', '2022-12-04 19:17:12');
INSERT INTO `t_company` VALUES (3, '供应商', '供应商2', '', '', '', '', '李四', '', '12312344312', '', '', 0, '2022-12-04 19:17:24', '2022-12-04 19:17:24');
INSERT INTO `t_company` VALUES (4, '供应商', '供应商666', '', '', '', '', '王五', '', '12312333211', '', '', 0, '2022-12-04 23:22:46', '2022-12-04 23:22:46');
INSERT INTO `t_company` VALUES (5, '客户', '客户1', '', '', '', '', '阿哲', '', '12312312312', '', '', 0, '2022-12-05 20:06:43', '2022-12-05 20:06:43');
INSERT INTO `t_company` VALUES (6, '客户', '客户2', '', '', '', '', '名称', '', '32112344321', '', '', 0, '2022-12-05 20:07:08', '2022-12-05 20:07:08');
INSERT INTO `t_company` VALUES (7, '供应商', '随便输123', '', '', '', '', '测试', '', '12343211212', '', '', 0, '2022-12-07 13:53:51', '2022-12-07 13:53:51');
INSERT INTO `t_company` VALUES (8, '供应商', '江苏鼎盛有限公司', '江苏省xx市xx路xx号', '中国农业银行', '12345123451234512345', '', '王梓', '副主管', '12312341231', '', '', 0, '2022-12-09 08:38:59', '2022-12-09 08:38:59');
INSERT INTO `t_company` VALUES (9, '供应商', '测试12', '', '', '', '', '12', '', '12312341234', '123@qq.com', '', 0, '2022-12-17 11:02:04', '2022-12-17 11:02:04');
INSERT INTO `t_company` VALUES (10, '供应商', '测试4', '', '', '', '', '123', '', '12341231234', '', '', 0, '2022-12-18 14:05:59', '2022-12-18 14:05:59');

-- ----------------------------
-- Table structure for t_goods
-- ----------------------------
DROP TABLE IF EXISTS `t_goods`;
CREATE TABLE `t_goods`  (
  `goods_id` int(0) NOT NULL AUTO_INCREMENT COMMENT '货品编号',
  `goods_type_id` int(0) NOT NULL DEFAULT 0 COMMENT '货品类别编号',
  `goods_name` varchar(64) CHARACTER SET utf8mb4 COLLATE utf8mb4_0900_ai_ci NOT NULL DEFAULT '' COMMENT '货品名称',
  `goods_spec` varchar(255) CHARACTER SET utf8mb4 COLLATE utf8mb4_0900_ai_ci NOT NULL DEFAULT '' COMMENT '货品规格',
  `goods_unit` char(4) CHARACTER SET utf8mb4 COLLATE utf8mb4_0900_ai_ci NOT NULL DEFAULT '' COMMENT '单位',
  `ref_pur_price` decimal(10, 1) NOT NULL DEFAULT 0.0 COMMENT '参考进价',
  `ref_sell_price` decimal(10, 1) NOT NULL DEFAULT 0.0 COMMENT '参考售价',
  `max_qty` int(0) NOT NULL DEFAULT 0 COMMENT '最高库存',
  `min_qty` int(0) NOT NULL DEFAULT 0 COMMENT '最低库存',
  `goods_comment` varchar(255) CHARACTER SET utf8mb4 COLLATE utf8mb4_0900_ai_ci NOT NULL DEFAULT '' COMMENT '货品备注',
  `is_deleted` tinyint(1) NOT NULL DEFAULT 0 COMMENT '是否删除',
  `create_time` datetime(0) NOT NULL DEFAULT CURRENT_TIMESTAMP(0) COMMENT '创建时间',
  `update_time` datetime(0) NOT NULL DEFAULT CURRENT_TIMESTAMP(0) ON UPDATE CURRENT_TIMESTAMP(0) COMMENT '更新时间',
  PRIMARY KEY (`goods_id`) USING BTREE
) ENGINE = InnoDB AUTO_INCREMENT = 501 CHARACTER SET = utf8mb4 COLLATE = utf8mb4_0900_ai_ci ROW_FORMAT = Dynamic;

-- ----------------------------
-- Records of t_goods
-- ----------------------------
INSERT INTO `t_goods` VALUES (1, 1, 'ROG-3060Ti 信仰猛禽', '芯片组:RTX 3060Ti；灯效:RGB；散热风扇:三风扇；质保期:三年', '张', 3500.0, 4399.0, 200, 20, '', 0, '2022-10-02 11:25:27', '2022-10-02 11:29:47');
INSERT INTO `t_goods` VALUES (2, 1, 'ROG-3070Ti 信仰猛禽', '芯片组:RTX 3070Ti；灯效:RGB；散热风扇:三风扇；质保期:三年', '张', 4300.0, 5699.0, 150, 20, '', 0, '2022-10-02 11:26:45', '2022-11-13 23:13:16');
INSERT INTO `t_goods` VALUES (3, 1, 'ROG-3080Ti 一体水', '芯片组:RTX 3080Ti；灯效:RGB；散热风扇:单风扇；质保期:三年', '张', 16000.0, 20000.0, 50, 10, '停产', 0, '2022-10-02 11:28:52', '2022-10-02 11:29:33');
INSERT INTO `t_goods` VALUES (4, 3, 'Z690 EG 至尊冰川版', '芯片组:ROG MAXIMUS Z690 EXTREME GLACIAL；处理器:Intel平台；内存:DDR5 5200及以上；板载声卡:ALC4082；...', '张', 11000.0, 12999.0, 50, 10, '', 0, '2022-10-02 11:33:00', '2022-10-02 11:34:27');
INSERT INTO `t_goods` VALUES (5, 3, 'Z690A 吹雪D5', '芯片组:ROG STRIX Z690-A GAMING WIFI；处理器:Intel平台；内存:DDR5 5200及以上；板载声卡:ALC4080；...', '张', 2000.0, 2899.0, 200, 20, '', 0, '2022-10-02 11:35:08', '2022-10-02 11:36:09');
INSERT INTO `t_goods` VALUES (6, 7, 'ROG STRIX 太阳神', '硬盘位:6个；标配风扇数:4个；材质:ABS塑料,钢化玻璃,钢,铝；机箱类型:玻璃侧透机箱,铝制机箱；体型:全塔机箱；...', '台', 1500.0, 2099.0, 100, 10, '', 0, '2022-10-02 11:38:53', '2022-10-02 11:40:07');
INSERT INTO `t_goods` VALUES (7, 5, 'ROG雷神2代1600W', '风扇启停:支持风扇启停；转换效率:钛金牌(94%)；电源尺寸:标准电源(ATX)；接线类型:全模组', '个', 3500.0, 4499.0, 50, 5, '限量', 0, '2022-10-02 11:42:18', '2022-10-02 11:43:08');
INSERT INTO `t_goods` VALUES (8, 6, 'ROG旗舰显示器 32 4k 144hz HDR1400', 'HDR:HDR1400；分辨率:3840*2160；刷新率:144Hz；屏幕尺寸:31.5-32英寸', '台', 20000.0, 24999.0, 10, 2, '', 0, '2022-10-02 11:44:50', '2022-10-02 11:46:41');
INSERT INTO `t_goods` VALUES (9, 6, 'ROG玩家国度显示器 2k 240hz HDR400', 'HDR:HDR400；分辨率:2560*1440；刷新率:240Hz；屏幕尺寸:27英寸', '台', 5500.0, 6999.0, 20, 5, '', 0, '2022-10-02 11:47:41', '2022-10-02 11:49:05');
INSERT INTO `t_goods` VALUES (10, 2, '凑数1', '凑数1', '个', 2095.1, 3246.8, 203, 102, '', 0, '2022-11-17 10:48:04', '2022-11-17 10:48:04');
INSERT INTO `t_goods` VALUES (11, 4, '凑数2', '凑数2', '个', 8807.5, 9204.3, 246, 108, '', 0, '2022-11-17 10:48:04', '2022-11-17 10:48:04');
INSERT INTO `t_goods` VALUES (12, 4, '凑数3', '凑数3', '个', 9990.9, 11164.5, 169, 56, '', 0, '2022-11-17 10:48:04', '2022-11-17 10:48:04');
INSERT INTO `t_goods` VALUES (13, 7, '凑数4', '凑数4', '个', 4409.2, 4764.5, 134, 51, '', 0, '2022-11-17 10:48:04', '2022-11-17 10:48:04');
INSERT INTO `t_goods` VALUES (14, 1, '凑数5', '凑数5', '个', 3815.4, 4515.7, 197, 112, '', 0, '2022-11-17 10:48:04', '2022-11-17 10:48:04');
INSERT INTO `t_goods` VALUES (15, 7, '凑数6', '凑数6', '个', 4321.6, 4700.7, 99, 32, '', 0, '2022-11-17 10:48:04', '2022-11-17 10:48:04');
INSERT INTO `t_goods` VALUES (16, 4, '凑数7', '凑数7', '个', 5147.2, 5998.1, 91, 26, '', 0, '2022-11-17 10:48:04', '2022-11-17 10:48:04');
INSERT INTO `t_goods` VALUES (17, 4, '凑数8', '凑数8', '个', 10054.5, 10765.6, 149, 77, '', 0, '2022-11-17 10:48:04', '2022-11-17 10:48:04');
INSERT INTO `t_goods` VALUES (18, 1, '凑数9', '凑数9', '个', 7587.6, 8455.6, 113, 34, '', 0, '2022-11-17 10:48:04', '2022-11-17 10:48:04');
INSERT INTO `t_goods` VALUES (19, 4, '凑数10', '凑数10', '个', 6446.2, 6763.1, 133, 55, '', 0, '2022-11-17 10:48:04', '2022-11-17 10:48:04');
INSERT INTO `t_goods` VALUES (20, 5, '凑数11', '凑数11', '个', 2363.5, 2706.6, 185, 55, '', 0, '2022-11-17 10:48:04', '2022-11-17 10:48:04');
INSERT INTO `t_goods` VALUES (21, 5, '凑数12', '凑数12', '个', 7744.1, 8662.3, 188, 67, '', 0, '2022-11-17 10:48:04', '2022-11-17 10:48:04');
INSERT INTO `t_goods` VALUES (22, 4, '凑数13', '凑数13', '个', 6179.8, 6930.6, 197, 115, '', 0, '2022-11-17 10:48:04', '2022-11-17 10:48:04');
INSERT INTO `t_goods` VALUES (23, 1, '凑数14', '凑数14', '个', 11465.9, 12487.5, 149, 97, '', 0, '2022-11-17 10:48:04', '2022-11-17 10:48:04');
INSERT INTO `t_goods` VALUES (24, 7, '凑数15', '凑数15', '个', 8476.9, 8722.0, 136, 37, '', 0, '2022-11-17 10:48:04', '2022-11-17 10:48:04');
INSERT INTO `t_goods` VALUES (25, 6, '凑数16', '凑数16', '个', 5184.9, 6251.4, 122, 32, '', 0, '2022-11-17 10:48:04', '2022-11-17 10:48:04');
INSERT INTO `t_goods` VALUES (26, 4, '凑数17', '凑数17', '个', 5826.5, 6212.5, 194, 92, '', 0, '2022-11-17 10:48:04', '2022-11-17 10:48:04');
INSERT INTO `t_goods` VALUES (27, 6, '凑数18', '凑数18', '个', 2179.1, 3080.3, 175, 74, '', 0, '2022-11-17 10:48:04', '2022-11-17 10:48:04');
INSERT INTO `t_goods` VALUES (28, 7, '凑数19', '凑数19', '个', 6266.3, 6595.8, 157, 81, '', 0, '2022-11-17 10:48:04', '2022-11-17 10:48:04');
INSERT INTO `t_goods` VALUES (29, 4, '凑数20', '凑数20', '个', 11268.9, 12158.0, 166, 105, '', 0, '2022-11-17 10:48:04', '2022-11-17 10:48:04');
INSERT INTO `t_goods` VALUES (30, 1, '凑数21', '凑数21', '个', 6876.9, 7079.8, 163, 31, '', 0, '2022-11-17 10:48:04', '2022-11-17 10:48:04');
INSERT INTO `t_goods` VALUES (31, 1, '凑数22', '凑数22', '个', 3075.8, 4159.4, 114, 27, '', 0, '2022-11-17 10:48:04', '2022-11-17 10:48:04');
INSERT INTO `t_goods` VALUES (32, 4, '凑数23', '凑数23', '个', 3762.3, 4586.9, 242, 98, '', 0, '2022-11-17 10:48:04', '2022-11-17 10:48:04');
INSERT INTO `t_goods` VALUES (33, 5, '凑数24', '凑数24', '个', 10024.6, 10733.5, 158, 41, '', 0, '2022-11-17 10:48:04', '2022-11-17 10:48:04');
INSERT INTO `t_goods` VALUES (34, 7, '凑数25', '凑数25', '个', 10091.5, 11128.1, 154, 24, '', 0, '2022-11-17 10:48:04', '2022-11-17 10:48:04');
INSERT INTO `t_goods` VALUES (35, 7, '凑数26', '凑数26', '个', 6972.5, 7518.0, 175, 28, '', 0, '2022-11-17 10:48:04', '2022-11-17 10:48:04');
INSERT INTO `t_goods` VALUES (36, 5, '凑数27', '凑数27', '个', 10249.5, 10652.0, 123, 41, '', 0, '2022-11-17 10:48:04', '2022-11-17 10:48:04');
INSERT INTO `t_goods` VALUES (37, 6, '凑数28', '凑数28', '个', 11743.0, 12623.5, 195, 112, '', 0, '2022-11-17 10:48:04', '2022-11-17 10:48:04');
INSERT INTO `t_goods` VALUES (38, 6, '凑数29', '凑数29', '个', 8265.5, 8970.6, 101, 33, '', 0, '2022-11-17 10:48:04', '2022-11-17 10:48:04');
INSERT INTO `t_goods` VALUES (39, 3, '凑数30', '凑数30', '个', 6089.6, 6941.4, 178, 69, '', 0, '2022-11-17 10:48:04', '2022-11-17 10:48:04');
INSERT INTO `t_goods` VALUES (40, 5, '凑数31', '凑数31', '个', 11713.3, 12557.4, 125, 30, '', 0, '2022-11-17 10:48:04', '2022-11-17 10:48:04');
INSERT INTO `t_goods` VALUES (41, 5, '凑数32', '凑数32', '个', 5320.9, 6179.4, 175, 50, '', 0, '2022-11-17 10:48:04', '2022-11-17 10:48:04');
INSERT INTO `t_goods` VALUES (42, 2, '凑数33', '凑数33', '个', 9957.9, 10976.1, 193, 92, '', 0, '2022-11-17 10:48:04', '2022-11-17 10:48:04');
INSERT INTO `t_goods` VALUES (43, 5, '凑数34', '凑数34', '个', 2989.7, 3887.7, 260, 116, '', 0, '2022-11-17 10:48:04', '2022-11-17 10:48:04');
INSERT INTO `t_goods` VALUES (44, 1, '凑数35', '凑数35', '个', 7971.5, 8976.4, 170, 37, '', 0, '2022-11-17 10:48:04', '2022-11-17 10:48:04');
INSERT INTO `t_goods` VALUES (45, 1, '凑数36', '凑数36', '个', 9525.5, 10213.4, 123, 46, '', 0, '2022-11-17 10:48:04', '2022-11-17 10:48:04');
INSERT INTO `t_goods` VALUES (46, 7, '凑数37', '凑数37', '个', 11066.6, 11311.4, 213, 91, '', 0, '2022-11-17 10:48:04', '2022-11-17 10:48:04');
INSERT INTO `t_goods` VALUES (47, 2, '凑数38', '凑数38', '个', 6505.6, 7188.1, 174, 30, '', 0, '2022-11-17 10:48:04', '2022-11-17 10:48:04');
INSERT INTO `t_goods` VALUES (48, 4, '凑数39', '凑数39', '个', 4511.0, 5543.8, 202, 64, '', 0, '2022-11-17 10:48:04', '2022-11-17 10:48:04');
INSERT INTO `t_goods` VALUES (49, 5, '凑数40', '凑数40', '个', 10949.6, 11181.2, 217, 104, '', 0, '2022-11-17 10:48:04', '2022-11-17 10:48:04');
INSERT INTO `t_goods` VALUES (50, 6, '凑数41', '凑数41', '个', 2492.3, 2869.7, 199, 56, '', 0, '2022-11-17 10:48:04', '2022-11-17 10:48:04');
INSERT INTO `t_goods` VALUES (51, 8, '凑数42', '凑数42', '个', 3334.2, 3620.4, 219, 107, '', 0, '2022-11-17 10:48:04', '2022-11-17 10:48:04');
INSERT INTO `t_goods` VALUES (52, 1, '凑数43', '凑数43', '个', 10304.4, 10618.2, 156, 50, '', 0, '2022-11-17 10:48:04', '2022-11-17 10:48:04');
INSERT INTO `t_goods` VALUES (53, 8, '凑数44', '凑数44', '个', 6742.0, 7824.9, 184, 88, '', 0, '2022-11-17 10:48:04', '2022-11-17 10:48:04');
INSERT INTO `t_goods` VALUES (54, 3, '凑数45', '凑数45', '个', 8421.3, 9381.1, 158, 104, '', 0, '2022-11-17 10:48:04', '2022-11-17 10:48:04');
INSERT INTO `t_goods` VALUES (55, 5, '凑数46', '凑数46', '个', 11128.0, 11505.7, 152, 65, '', 0, '2022-11-17 10:48:04', '2022-11-17 10:48:04');
INSERT INTO `t_goods` VALUES (56, 7, '凑数47', '凑数47', '个', 5387.0, 6055.6, 211, 77, '', 0, '2022-11-17 10:48:04', '2022-11-17 10:48:04');
INSERT INTO `t_goods` VALUES (57, 4, '凑数48', '凑数48', '个', 9705.6, 9978.8, 115, 55, '', 0, '2022-11-17 10:48:04', '2022-11-17 10:48:04');
INSERT INTO `t_goods` VALUES (58, 4, '凑数49', '凑数49', '个', 4696.6, 5054.1, 114, 25, '', 0, '2022-11-17 10:48:04', '2022-11-17 10:48:04');
INSERT INTO `t_goods` VALUES (59, 2, '凑数50', '凑数50', '个', 7006.6, 7723.3, 132, 52, '', 0, '2022-11-17 10:48:04', '2022-11-17 10:48:04');
INSERT INTO `t_goods` VALUES (60, 3, '凑数51', '凑数51', '个', 11430.0, 12505.6, 210, 102, '', 0, '2022-11-17 10:48:04', '2022-11-17 10:48:04');
INSERT INTO `t_goods` VALUES (61, 2, '凑数52', '凑数52', '个', 4646.6, 5821.4, 172, 79, '', 0, '2022-11-17 10:48:04', '2022-11-17 10:48:04');
INSERT INTO `t_goods` VALUES (62, 5, '凑数53', '凑数53', '个', 4251.5, 4467.3, 211, 104, '', 0, '2022-11-17 10:48:04', '2022-11-17 10:48:04');
INSERT INTO `t_goods` VALUES (63, 5, '凑数54', '凑数54', '个', 9774.7, 10542.5, 184, 39, '', 0, '2022-11-17 10:48:04', '2022-11-17 10:48:04');
INSERT INTO `t_goods` VALUES (64, 8, '凑数55', '凑数55', '个', 2570.1, 3350.5, 211, 63, '', 0, '2022-11-17 10:48:04', '2022-11-17 10:48:04');
INSERT INTO `t_goods` VALUES (65, 8, '凑数56', '凑数56', '个', 3678.9, 4028.0, 244, 109, '', 0, '2022-11-17 10:48:04', '2022-11-17 10:48:04');
INSERT INTO `t_goods` VALUES (66, 5, '凑数57', '凑数57', '个', 9862.2, 10872.9, 135, 59, '', 0, '2022-11-17 10:48:04', '2022-11-17 10:48:04');
INSERT INTO `t_goods` VALUES (67, 4, '凑数58', '凑数58', '个', 10820.9, 11475.0, 220, 82, '', 0, '2022-11-17 10:48:04', '2022-11-17 10:48:04');
INSERT INTO `t_goods` VALUES (68, 4, '凑数59', '凑数59', '个', 2288.3, 3265.1, 171, 71, '', 0, '2022-11-17 10:48:04', '2022-11-17 10:48:04');
INSERT INTO `t_goods` VALUES (69, 3, '凑数60', '凑数60', '个', 3732.7, 4345.5, 122, 56, '', 0, '2022-11-17 10:48:04', '2022-11-17 10:48:04');
INSERT INTO `t_goods` VALUES (70, 1, '凑数61', '凑数61', '个', 7652.3, 7942.4, 142, 54, '', 0, '2022-11-17 10:48:04', '2022-11-17 10:48:04');
INSERT INTO `t_goods` VALUES (71, 7, '凑数62', '凑数62', '个', 8146.1, 8855.2, 258, 114, '', 0, '2022-11-17 10:48:04', '2022-11-17 10:48:04');
INSERT INTO `t_goods` VALUES (72, 2, '凑数63', '凑数63', '个', 3944.1, 4283.8, 120, 34, '', 0, '2022-11-17 10:48:04', '2022-11-17 10:48:04');
INSERT INTO `t_goods` VALUES (73, 4, '凑数64', '凑数64', '个', 6047.4, 6622.1, 221, 113, '', 0, '2022-11-17 10:48:04', '2022-11-17 10:48:04');
INSERT INTO `t_goods` VALUES (74, 8, '凑数65', '凑数65', '个', 9539.7, 10378.4, 107, 24, '', 0, '2022-11-17 10:48:04', '2022-11-17 10:48:04');
INSERT INTO `t_goods` VALUES (75, 4, '凑数66', '凑数66', '个', 9482.3, 9792.8, 159, 94, '', 0, '2022-11-17 10:48:04', '2022-11-17 10:48:04');
INSERT INTO `t_goods` VALUES (76, 8, '凑数67', '凑数67', '个', 6182.1, 7214.4, 165, 84, '', 0, '2022-11-17 10:48:04', '2022-11-17 10:48:04');
INSERT INTO `t_goods` VALUES (77, 3, '凑数68', '凑数68', '个', 2436.1, 3443.2, 101, 49, '', 0, '2022-11-17 10:48:04', '2022-11-17 10:48:04');
INSERT INTO `t_goods` VALUES (78, 7, '凑数69', '凑数69', '个', 8929.7, 9450.9, 200, 60, '', 0, '2022-11-17 10:48:04', '2022-11-17 10:48:04');
INSERT INTO `t_goods` VALUES (79, 3, '凑数70', '凑数70', '个', 7367.0, 8150.6, 268, 118, '', 0, '2022-11-17 10:48:04', '2022-11-17 10:48:04');
INSERT INTO `t_goods` VALUES (80, 3, '凑数71', '凑数71', '个', 4376.8, 5309.4, 177, 40, '', 0, '2022-11-17 10:48:04', '2022-11-17 10:48:04');
INSERT INTO `t_goods` VALUES (81, 4, '凑数72', '凑数72', '个', 3611.4, 4581.8, 134, 39, '', 0, '2022-11-17 10:48:04', '2022-11-17 10:48:04');
INSERT INTO `t_goods` VALUES (82, 5, '凑数73', '凑数73', '个', 11242.2, 11736.1, 157, 48, '', 0, '2022-11-17 10:48:04', '2022-11-17 10:48:04');
INSERT INTO `t_goods` VALUES (83, 5, '凑数74', '凑数74', '个', 2647.3, 3104.6, 179, 76, '', 0, '2022-11-17 10:48:04', '2022-11-17 10:48:04');
INSERT INTO `t_goods` VALUES (84, 5, '凑数75', '凑数75', '个', 10870.9, 11243.6, 179, 104, '', 0, '2022-11-17 10:48:04', '2022-11-17 10:48:04');
INSERT INTO `t_goods` VALUES (85, 2, '凑数76', '凑数76', '个', 9219.3, 9634.0, 216, 107, '', 0, '2022-11-17 10:48:04', '2022-11-17 10:48:04');
INSERT INTO `t_goods` VALUES (86, 5, '凑数77', '凑数77', '个', 4884.6, 5778.7, 221, 88, '', 0, '2022-11-17 10:48:04', '2022-11-17 10:48:04');
INSERT INTO `t_goods` VALUES (87, 5, '凑数78', '凑数78', '个', 2429.9, 3259.8, 188, 94, '', 0, '2022-11-17 10:48:04', '2022-11-17 10:48:04');
INSERT INTO `t_goods` VALUES (88, 3, '凑数79', '凑数79', '个', 5103.7, 5748.1, 147, 43, '', 0, '2022-11-17 10:48:04', '2022-11-17 10:48:04');
INSERT INTO `t_goods` VALUES (89, 6, '凑数80', '凑数80', '个', 5561.7, 6100.4, 126, 37, '', 0, '2022-11-17 10:48:04', '2022-11-17 10:48:04');
INSERT INTO `t_goods` VALUES (90, 5, '凑数81', '凑数81', '个', 11298.5, 12146.6, 156, 68, '', 0, '2022-11-17 10:48:04', '2022-11-17 10:48:04');
INSERT INTO `t_goods` VALUES (91, 6, '凑数82', '凑数82', '个', 11786.7, 12578.3, 211, 94, '', 0, '2022-11-17 10:48:04', '2022-11-17 10:48:04');
INSERT INTO `t_goods` VALUES (92, 6, '凑数83', '凑数83', '个', 7840.7, 8190.1, 204, 111, '', 0, '2022-11-17 10:48:04', '2022-11-17 10:48:04');
INSERT INTO `t_goods` VALUES (93, 7, '凑数84', '凑数84', '个', 8919.3, 9605.8, 90, 38, '', 0, '2022-11-17 10:48:04', '2022-11-17 10:48:04');
INSERT INTO `t_goods` VALUES (94, 3, '凑数85', '凑数85', '个', 8632.2, 9215.7, 119, 44, '', 0, '2022-11-17 10:48:04', '2022-11-17 10:48:04');
INSERT INTO `t_goods` VALUES (95, 5, '凑数86', '凑数86', '个', 3061.5, 3756.4, 226, 98, '', 0, '2022-11-17 10:48:04', '2022-11-17 10:48:04');
INSERT INTO `t_goods` VALUES (96, 4, '凑数87', '凑数87', '个', 6127.8, 7095.5, 210, 93, '', 0, '2022-11-17 10:48:04', '2022-11-17 10:48:04');
INSERT INTO `t_goods` VALUES (97, 2, '凑数88', '凑数88', '个', 2564.8, 2785.7, 158, 47, '', 0, '2022-11-17 10:48:04', '2022-11-17 10:48:04');
INSERT INTO `t_goods` VALUES (98, 6, '凑数89', '凑数89', '个', 11975.1, 12542.0, 139, 35, '', 0, '2022-11-17 10:48:04', '2022-11-17 10:48:04');
INSERT INTO `t_goods` VALUES (99, 3, '凑数90', '凑数90', '个', 8081.7, 8302.2, 146, 62, '', 0, '2022-11-17 10:48:04', '2022-11-17 10:48:04');
INSERT INTO `t_goods` VALUES (100, 2, '凑数91', '凑数91', '个', 8493.1, 8794.4, 97, 42, '', 0, '2022-11-17 10:48:04', '2022-11-17 10:48:04');
INSERT INTO `t_goods` VALUES (101, 1, '凑数92', '凑数92', '个', 11455.3, 12185.6, 177, 78, '', 0, '2022-11-17 10:48:04', '2022-11-17 10:48:04');
INSERT INTO `t_goods` VALUES (102, 7, '凑数93', '凑数93', '个', 10749.6, 11520.9, 190, 110, '', 0, '2022-11-17 10:48:04', '2022-11-17 10:48:04');
INSERT INTO `t_goods` VALUES (103, 1, '凑数94', '凑数94', '个', 9985.9, 11084.4, 119, 29, '', 0, '2022-11-17 10:48:04', '2022-11-17 10:48:04');
INSERT INTO `t_goods` VALUES (104, 6, '凑数95', '凑数95', '个', 5031.1, 5646.1, 108, 52, '', 0, '2022-11-17 10:48:04', '2022-11-17 10:48:04');
INSERT INTO `t_goods` VALUES (105, 8, '凑数96', '凑数96', '个', 2362.7, 3297.4, 152, 21, '', 0, '2022-11-17 10:48:04', '2022-11-17 10:48:04');
INSERT INTO `t_goods` VALUES (106, 4, '凑数97', '凑数97', '个', 10456.1, 11531.8, 152, 100, '', 0, '2022-11-17 10:48:04', '2022-11-17 10:48:04');
INSERT INTO `t_goods` VALUES (107, 6, '凑数98', '凑数98', '个', 6551.7, 6906.0, 140, 43, '', 0, '2022-11-17 10:48:04', '2022-11-17 10:48:04');
INSERT INTO `t_goods` VALUES (108, 5, '凑数99', '凑数99', '个', 10943.9, 11993.4, 119, 26, '', 0, '2022-11-17 10:48:04', '2022-11-17 10:48:04');
INSERT INTO `t_goods` VALUES (109, 2, '凑数100', '凑数100', '个', 8219.3, 8854.5, 217, 101, '', 0, '2022-11-17 10:48:04', '2022-11-17 10:48:04');
INSERT INTO `t_goods` VALUES (110, 2, '凑数101', '凑数101', '个', 2023.4, 2779.3, 113, 23, '', 0, '2022-11-17 10:48:04', '2022-11-17 10:48:04');
INSERT INTO `t_goods` VALUES (111, 2, '凑数102', '凑数102', '个', 5214.3, 5691.7, 119, 61, '', 0, '2022-11-17 10:48:04', '2022-11-17 10:48:04');
INSERT INTO `t_goods` VALUES (112, 7, '凑数103', '凑数103', '个', 7481.6, 7736.6, 173, 71, '', 0, '2022-11-17 10:48:04', '2022-11-17 10:48:04');
INSERT INTO `t_goods` VALUES (113, 6, '凑数104', '凑数104', '个', 6312.9, 7215.3, 171, 80, '', 0, '2022-11-17 10:48:04', '2022-11-17 10:48:04');
INSERT INTO `t_goods` VALUES (114, 7, '凑数105', '凑数105', '个', 11565.5, 12397.1, 184, 74, '', 0, '2022-11-17 10:48:04', '2022-11-17 10:48:04');
INSERT INTO `t_goods` VALUES (115, 3, '凑数106', '凑数106', '个', 3002.4, 4189.4, 168, 90, '', 0, '2022-11-17 10:48:04', '2022-11-17 10:48:04');
INSERT INTO `t_goods` VALUES (116, 1, '凑数107', '凑数107', '个', 6156.0, 6667.2, 147, 45, '', 0, '2022-11-17 10:48:04', '2022-11-17 10:48:04');
INSERT INTO `t_goods` VALUES (117, 4, '凑数108', '凑数108', '个', 8453.8, 8920.1, 233, 88, '', 0, '2022-11-17 10:48:04', '2022-11-17 10:48:04');
INSERT INTO `t_goods` VALUES (118, 5, '凑数109', '凑数109', '个', 11442.9, 11742.1, 244, 108, '', 0, '2022-11-17 10:48:04', '2022-11-17 10:48:04');
INSERT INTO `t_goods` VALUES (119, 2, '凑数110', '凑数110', '个', 2044.3, 2878.2, 174, 64, '', 0, '2022-11-17 10:48:04', '2022-11-17 10:48:04');
INSERT INTO `t_goods` VALUES (120, 6, '凑数111', '凑数111', '个', 2746.8, 3755.8, 219, 79, '', 0, '2022-11-17 10:48:04', '2022-11-17 10:48:04');
INSERT INTO `t_goods` VALUES (121, 3, '凑数112', '凑数112', '个', 2812.3, 3221.8, 166, 90, '', 0, '2022-11-17 10:48:04', '2022-11-17 10:48:04');
INSERT INTO `t_goods` VALUES (122, 7, '凑数113', '凑数113', '个', 8691.7, 9333.5, 199, 77, '', 0, '2022-11-17 10:48:04', '2022-11-17 10:48:04');
INSERT INTO `t_goods` VALUES (123, 5, '凑数114', '凑数114', '个', 4889.9, 5833.6, 116, 48, '', 0, '2022-11-17 10:48:04', '2022-11-17 10:48:04');
INSERT INTO `t_goods` VALUES (124, 5, '凑数115', '凑数115', '个', 8448.3, 9342.5, 220, 90, '', 0, '2022-11-17 10:48:04', '2022-11-17 10:48:04');
INSERT INTO `t_goods` VALUES (125, 7, '凑数116', '凑数116', '个', 11038.0, 11477.9, 126, 33, '', 0, '2022-11-17 10:48:04', '2022-11-17 10:48:04');
INSERT INTO `t_goods` VALUES (126, 6, '凑数117', '凑数117', '个', 6141.5, 6518.5, 225, 99, '', 0, '2022-11-17 10:48:04', '2022-11-17 10:48:04');
INSERT INTO `t_goods` VALUES (127, 2, '凑数118', '凑数118', '个', 4482.7, 5384.0, 180, 117, '', 0, '2022-11-17 10:48:04', '2022-11-17 10:48:04');
INSERT INTO `t_goods` VALUES (128, 3, '凑数119', '凑数119', '个', 7593.7, 8179.7, 208, 60, '', 0, '2022-11-17 10:48:04', '2022-11-17 10:48:04');
INSERT INTO `t_goods` VALUES (129, 6, '凑数120', '凑数120', '个', 9438.5, 10599.2, 231, 98, '', 0, '2022-11-17 10:48:04', '2022-11-17 10:48:04');
INSERT INTO `t_goods` VALUES (130, 2, '凑数121', '凑数121', '个', 4511.7, 5011.8, 160, 98, '', 0, '2022-11-17 10:48:04', '2022-11-17 10:48:04');
INSERT INTO `t_goods` VALUES (131, 8, '凑数122', '凑数122', '个', 9202.6, 9634.7, 114, 43, '', 0, '2022-11-17 10:48:04', '2022-11-17 10:48:04');
INSERT INTO `t_goods` VALUES (132, 5, '凑数123', '凑数123', '个', 5498.4, 6124.0, 127, 32, '', 0, '2022-11-17 10:48:04', '2022-11-17 10:48:04');
INSERT INTO `t_goods` VALUES (133, 1, '凑数124', '凑数124', '个', 11921.4, 12425.9, 176, 80, '', 0, '2022-11-17 10:48:04', '2022-11-17 10:48:04');
INSERT INTO `t_goods` VALUES (134, 6, '凑数125', '凑数125', '个', 5915.4, 6884.2, 202, 77, '', 0, '2022-11-17 10:48:04', '2022-11-17 10:48:04');
INSERT INTO `t_goods` VALUES (135, 3, '凑数126', '凑数126', '个', 6344.0, 7436.2, 209, 113, '', 0, '2022-11-17 10:48:04', '2022-11-17 10:48:04');
INSERT INTO `t_goods` VALUES (136, 4, '凑数127', '凑数127', '个', 8017.8, 8314.8, 161, 84, '', 0, '2022-11-17 10:48:04', '2022-11-17 10:48:04');
INSERT INTO `t_goods` VALUES (137, 4, '凑数128', '凑数128', '个', 2648.7, 3114.5, 146, 71, '', 0, '2022-11-17 10:48:04', '2022-11-17 10:48:04');
INSERT INTO `t_goods` VALUES (138, 3, '凑数129', '凑数129', '个', 6531.0, 7267.9, 125, 72, '', 0, '2022-11-17 10:48:04', '2022-11-17 10:48:04');
INSERT INTO `t_goods` VALUES (139, 7, '凑数130', '凑数130', '个', 7633.6, 8058.0, 192, 91, '', 0, '2022-11-17 10:48:04', '2022-11-17 10:48:04');
INSERT INTO `t_goods` VALUES (140, 2, '凑数131', '凑数131', '个', 10520.2, 11327.5, 197, 94, '', 0, '2022-11-17 10:48:04', '2022-11-17 10:48:04');
INSERT INTO `t_goods` VALUES (141, 4, '凑数132', '凑数132', '个', 10339.2, 10706.1, 198, 78, '', 0, '2022-11-17 10:48:04', '2022-11-17 10:48:04');
INSERT INTO `t_goods` VALUES (142, 3, '凑数133', '凑数133', '个', 11855.7, 12666.4, 192, 104, '', 0, '2022-11-17 10:48:04', '2022-11-17 10:48:04');
INSERT INTO `t_goods` VALUES (143, 8, '凑数134', '凑数134', '个', 2770.9, 3095.6, 166, 44, '', 0, '2022-11-17 10:48:04', '2022-11-17 10:48:04');
INSERT INTO `t_goods` VALUES (144, 7, '凑数135', '凑数135', '个', 4101.4, 4950.4, 224, 110, '', 0, '2022-11-17 10:48:04', '2022-11-17 10:48:04');
INSERT INTO `t_goods` VALUES (145, 5, '凑数136', '凑数136', '个', 4305.5, 5463.7, 112, 45, '', 0, '2022-11-17 10:48:04', '2022-11-17 10:48:04');
INSERT INTO `t_goods` VALUES (146, 2, '凑数137', '凑数137', '个', 11914.2, 12865.0, 126, 64, '', 0, '2022-11-17 10:48:04', '2022-11-17 10:48:04');
INSERT INTO `t_goods` VALUES (147, 4, '凑数138', '凑数138', '个', 5272.7, 5915.2, 182, 49, '', 0, '2022-11-17 10:48:04', '2022-11-17 10:48:04');
INSERT INTO `t_goods` VALUES (148, 4, '凑数139', '凑数139', '个', 10087.2, 10518.6, 127, 76, '', 0, '2022-11-17 10:48:04', '2022-11-17 10:48:04');
INSERT INTO `t_goods` VALUES (149, 3, '凑数140', '凑数140', '个', 5388.8, 6346.8, 209, 87, '', 0, '2022-11-17 10:48:04', '2022-11-17 10:48:04');
INSERT INTO `t_goods` VALUES (150, 4, '凑数141', '凑数141', '个', 5306.5, 6337.0, 196, 69, '', 0, '2022-11-17 10:48:04', '2022-11-17 10:48:04');
INSERT INTO `t_goods` VALUES (151, 4, '凑数142', '凑数142', '个', 5654.2, 6657.5, 182, 71, '', 0, '2022-11-17 10:48:04', '2022-11-17 10:48:04');
INSERT INTO `t_goods` VALUES (152, 1, '凑数143', '凑数143', '个', 8455.5, 9652.1, 197, 59, '', 0, '2022-11-17 10:48:04', '2022-11-17 10:48:04');
INSERT INTO `t_goods` VALUES (153, 3, '凑数144', '凑数144', '个', 5854.0, 6913.0, 124, 50, '', 0, '2022-11-17 10:48:04', '2022-11-17 10:48:04');
INSERT INTO `t_goods` VALUES (154, 6, '凑数145', '凑数145', '个', 8030.9, 8950.2, 142, 51, '', 0, '2022-11-17 10:48:04', '2022-11-17 10:48:04');
INSERT INTO `t_goods` VALUES (155, 5, '凑数146', '凑数146', '个', 11003.5, 11564.5, 188, 47, '', 0, '2022-11-17 10:48:04', '2022-11-17 10:48:04');
INSERT INTO `t_goods` VALUES (156, 4, '凑数147', '凑数147', '个', 6596.6, 7499.8, 133, 77, '', 0, '2022-11-17 10:48:04', '2022-11-17 10:48:04');
INSERT INTO `t_goods` VALUES (157, 5, '凑数148', '凑数148', '个', 4085.6, 4895.9, 170, 105, '', 0, '2022-11-17 10:48:04', '2022-11-17 10:48:04');
INSERT INTO `t_goods` VALUES (158, 2, '凑数149', '凑数149', '个', 11291.6, 11731.0, 160, 39, '', 0, '2022-11-17 10:48:04', '2022-11-17 10:48:04');
INSERT INTO `t_goods` VALUES (159, 6, '凑数150', '凑数150', '个', 10381.6, 11266.9, 87, 26, '', 0, '2022-11-17 10:48:04', '2022-11-17 10:48:04');
INSERT INTO `t_goods` VALUES (160, 4, '凑数151', '凑数151', '个', 7059.6, 7909.8, 180, 39, '', 0, '2022-11-17 10:48:04', '2022-11-17 10:48:04');
INSERT INTO `t_goods` VALUES (161, 7, '凑数152', '凑数152', '个', 8191.6, 8891.6, 181, 55, '', 0, '2022-11-17 10:48:04', '2022-11-17 10:48:04');
INSERT INTO `t_goods` VALUES (162, 4, '凑数153', '凑数153', '个', 5141.2, 5836.7, 105, 48, '', 0, '2022-11-17 10:48:04', '2022-11-17 10:48:04');
INSERT INTO `t_goods` VALUES (163, 2, '凑数154', '凑数154', '个', 10750.7, 11310.1, 116, 36, '', 0, '2022-11-17 10:48:04', '2022-11-17 10:48:04');
INSERT INTO `t_goods` VALUES (164, 4, '凑数155', '凑数155', '个', 6013.3, 6812.9, 164, 32, '', 0, '2022-11-17 10:48:04', '2022-11-17 10:48:04');
INSERT INTO `t_goods` VALUES (165, 6, '凑数156', '凑数156', '个', 5197.4, 5410.4, 86, 33, '', 0, '2022-11-17 10:48:04', '2022-11-17 10:48:04');
INSERT INTO `t_goods` VALUES (166, 6, '凑数157', '凑数157', '个', 2967.4, 3568.0, 194, 60, '', 0, '2022-11-17 10:48:04', '2022-11-17 10:48:04');
INSERT INTO `t_goods` VALUES (167, 3, '凑数158', '凑数158', '个', 11915.0, 12953.5, 163, 64, '', 0, '2022-11-17 10:48:04', '2022-11-17 10:48:04');
INSERT INTO `t_goods` VALUES (168, 6, '凑数159', '凑数159', '个', 11585.3, 12188.6, 103, 51, '', 0, '2022-11-17 10:48:04', '2022-11-17 10:48:04');
INSERT INTO `t_goods` VALUES (169, 3, '凑数160', '凑数160', '个', 10897.0, 11301.2, 129, 59, '', 0, '2022-11-17 10:48:04', '2022-11-17 10:48:04');
INSERT INTO `t_goods` VALUES (170, 4, '凑数161', '凑数161', '个', 5828.9, 6261.4, 187, 52, '', 0, '2022-11-17 10:48:04', '2022-11-17 10:48:04');
INSERT INTO `t_goods` VALUES (171, 5, '凑数162', '凑数162', '个', 7643.7, 8200.7, 185, 46, '', 0, '2022-11-17 10:48:04', '2022-11-17 10:48:04');
INSERT INTO `t_goods` VALUES (172, 4, '凑数163', '凑数163', '个', 6010.9, 6283.1, 116, 52, '', 0, '2022-11-17 10:48:04', '2022-11-17 10:48:04');
INSERT INTO `t_goods` VALUES (173, 3, '凑数164', '凑数164', '个', 6716.2, 7636.6, 232, 115, '', 0, '2022-11-17 10:48:04', '2022-11-17 10:48:04');
INSERT INTO `t_goods` VALUES (174, 7, '凑数165', '凑数165', '个', 3794.2, 4945.3, 257, 109, '', 0, '2022-11-17 10:48:04', '2022-11-17 10:48:04');
INSERT INTO `t_goods` VALUES (175, 2, '凑数166', '凑数166', '个', 2354.0, 3385.8, 176, 44, '', 0, '2022-11-17 10:48:04', '2022-11-17 10:48:04');
INSERT INTO `t_goods` VALUES (176, 2, '凑数167', '凑数167', '个', 8117.7, 9218.0, 138, 79, '', 0, '2022-11-17 10:48:04', '2022-11-17 10:48:04');
INSERT INTO `t_goods` VALUES (177, 3, '凑数168', '凑数168', '个', 9571.4, 10650.9, 176, 71, '', 0, '2022-11-17 10:48:04', '2022-11-17 10:48:04');
INSERT INTO `t_goods` VALUES (178, 3, '凑数169', '凑数169', '个', 3151.7, 3941.7, 175, 112, '', 0, '2022-11-17 10:48:04', '2022-11-17 10:48:04');
INSERT INTO `t_goods` VALUES (179, 6, '凑数170', '凑数170', '个', 10974.5, 11623.6, 81, 29, '', 0, '2022-11-17 10:48:04', '2022-11-17 10:48:04');
INSERT INTO `t_goods` VALUES (180, 3, '凑数171', '凑数171', '个', 9510.9, 9765.5, 199, 90, '', 0, '2022-11-17 10:48:04', '2022-11-17 10:48:04');
INSERT INTO `t_goods` VALUES (181, 2, '凑数172', '凑数172', '个', 9711.2, 10424.1, 88, 29, '', 0, '2022-11-17 10:48:04', '2022-11-17 10:48:04');
INSERT INTO `t_goods` VALUES (182, 4, '凑数173', '凑数173', '个', 10939.2, 11351.8, 187, 41, '', 0, '2022-11-17 10:48:04', '2022-11-17 10:48:04');
INSERT INTO `t_goods` VALUES (183, 7, '凑数174', '凑数174', '个', 3482.7, 4593.9, 241, 107, '', 0, '2022-11-17 10:48:04', '2022-11-17 10:48:04');
INSERT INTO `t_goods` VALUES (184, 8, '凑数175', '凑数175', '个', 6831.0, 7268.4, 184, 109, '', 0, '2022-11-17 10:48:04', '2022-11-17 10:48:04');
INSERT INTO `t_goods` VALUES (185, 2, '凑数176', '凑数176', '个', 7395.0, 8325.8, 196, 115, '', 0, '2022-11-17 10:48:04', '2022-11-17 10:48:04');
INSERT INTO `t_goods` VALUES (186, 4, '凑数177', '凑数177', '个', 5671.9, 6166.7, 188, 110, '', 0, '2022-11-17 10:48:04', '2022-11-17 10:48:04');
INSERT INTO `t_goods` VALUES (187, 7, '凑数178', '凑数178', '个', 7012.3, 7536.3, 138, 87, '', 0, '2022-11-17 10:48:04', '2022-11-17 10:48:04');
INSERT INTO `t_goods` VALUES (188, 6, '凑数179', '凑数179', '个', 2842.4, 3302.9, 134, 59, '', 0, '2022-11-17 10:48:04', '2022-11-17 10:48:04');
INSERT INTO `t_goods` VALUES (189, 4, '凑数180', '凑数180', '个', 6612.0, 7224.5, 207, 76, '', 0, '2022-11-17 10:48:04', '2022-11-17 10:48:04');
INSERT INTO `t_goods` VALUES (190, 4, '凑数181', '凑数181', '个', 9938.1, 10335.4, 213, 75, '', 0, '2022-11-17 10:48:04', '2022-11-17 10:48:04');
INSERT INTO `t_goods` VALUES (191, 3, '凑数182', '凑数182', '个', 9963.1, 10889.7, 162, 55, '', 0, '2022-11-17 10:48:04', '2022-11-17 10:48:04');
INSERT INTO `t_goods` VALUES (192, 2, '凑数183', '凑数183', '个', 8664.6, 9609.4, 167, 82, '', 0, '2022-11-17 10:48:04', '2022-11-17 10:48:04');
INSERT INTO `t_goods` VALUES (193, 4, '凑数184', '凑数184', '个', 7295.7, 7520.1, 134, 79, '', 0, '2022-11-17 10:48:04', '2022-11-17 10:48:04');
INSERT INTO `t_goods` VALUES (194, 7, '凑数185', '凑数185', '个', 3595.2, 3875.7, 233, 86, '', 0, '2022-11-17 10:48:04', '2022-11-17 10:48:04');
INSERT INTO `t_goods` VALUES (195, 7, '凑数186', '凑数186', '个', 8092.5, 9140.1, 152, 34, '', 0, '2022-11-17 10:48:04', '2022-11-17 10:48:04');
INSERT INTO `t_goods` VALUES (196, 2, '凑数187', '凑数187', '个', 10816.3, 11571.0, 145, 55, '', 0, '2022-11-17 10:48:04', '2022-11-17 10:48:04');
INSERT INTO `t_goods` VALUES (197, 6, '凑数188', '凑数188', '个', 5565.9, 5969.8, 194, 77, '', 0, '2022-11-17 10:48:04', '2022-11-17 10:48:04');
INSERT INTO `t_goods` VALUES (198, 2, '凑数189', '凑数189', '个', 9381.7, 10491.0, 236, 88, '', 0, '2022-11-17 10:48:04', '2022-11-17 10:48:04');
INSERT INTO `t_goods` VALUES (199, 5, '凑数190', '凑数190', '个', 3479.0, 4368.9, 208, 101, '', 0, '2022-11-17 10:48:04', '2022-11-17 10:48:04');
INSERT INTO `t_goods` VALUES (200, 6, '凑数191', '凑数191', '个', 9817.7, 10646.8, 111, 40, '', 0, '2022-11-17 10:48:04', '2022-11-17 10:48:04');
INSERT INTO `t_goods` VALUES (201, 5, '凑数192', '凑数192', '个', 3705.3, 4143.3, 137, 42, '', 0, '2022-11-17 10:48:04', '2022-11-17 10:48:04');
INSERT INTO `t_goods` VALUES (202, 4, '凑数193', '凑数193', '个', 7600.4, 7987.0, 158, 64, '', 0, '2022-11-17 10:48:04', '2022-11-17 10:48:04');
INSERT INTO `t_goods` VALUES (203, 2, '凑数194', '凑数194', '个', 8230.7, 8809.1, 192, 101, '', 0, '2022-11-17 10:48:04', '2022-11-17 10:48:04');
INSERT INTO `t_goods` VALUES (204, 4, '凑数195', '凑数195', '个', 11380.5, 12329.4, 164, 65, '', 0, '2022-11-17 10:48:04', '2022-11-17 10:48:04');
INSERT INTO `t_goods` VALUES (205, 3, '凑数196', '凑数196', '个', 4130.1, 5095.9, 220, 79, '', 0, '2022-11-17 10:48:04', '2022-11-17 10:48:04');
INSERT INTO `t_goods` VALUES (206, 7, '凑数197', '凑数197', '个', 4478.7, 5228.9, 151, 71, '', 0, '2022-11-17 10:48:04', '2022-11-17 10:48:04');
INSERT INTO `t_goods` VALUES (207, 2, '凑数198', '凑数198', '个', 10441.1, 11101.1, 106, 52, '', 0, '2022-11-17 10:48:04', '2022-11-17 10:48:04');
INSERT INTO `t_goods` VALUES (208, 5, '凑数199', '凑数199', '个', 10277.0, 11364.5, 139, 21, '', 0, '2022-11-17 10:48:04', '2022-11-17 10:48:04');
INSERT INTO `t_goods` VALUES (209, 1, '凑数200', '凑数200', '个', 9390.0, 9894.5, 171, 85, '', 0, '2022-11-17 10:48:04', '2022-11-17 10:48:04');
INSERT INTO `t_goods` VALUES (210, 3, '凑数201', '凑数201', '个', 10991.1, 11679.4, 152, 61, '', 0, '2022-11-17 10:48:04', '2022-11-17 10:48:04');
INSERT INTO `t_goods` VALUES (211, 2, '凑数202', '凑数202', '个', 8060.8, 8501.7, 233, 99, '', 0, '2022-11-17 10:48:04', '2022-11-17 10:48:04');
INSERT INTO `t_goods` VALUES (212, 2, '凑数203', '凑数203', '个', 6869.6, 7762.9, 182, 111, '', 0, '2022-11-17 10:48:04', '2022-11-17 10:48:04');
INSERT INTO `t_goods` VALUES (213, 5, '凑数204', '凑数204', '个', 11908.7, 12108.8, 125, 51, '', 0, '2022-11-17 10:48:04', '2022-11-17 10:48:04');
INSERT INTO `t_goods` VALUES (214, 6, '凑数205', '凑数205', '个', 3953.8, 4929.6, 171, 46, '', 0, '2022-11-17 10:48:04', '2022-11-17 10:48:04');
INSERT INTO `t_goods` VALUES (215, 6, '凑数206', '凑数206', '个', 6054.6, 6500.4, 155, 99, '', 0, '2022-11-17 10:48:04', '2022-11-17 10:48:04');
INSERT INTO `t_goods` VALUES (216, 7, '凑数207', '凑数207', '个', 7803.0, 8940.8, 166, 91, '', 0, '2022-11-17 10:48:04', '2022-11-17 10:48:04');
INSERT INTO `t_goods` VALUES (217, 5, '凑数208', '凑数208', '个', 6182.5, 6859.9, 192, 55, '', 0, '2022-11-17 10:48:04', '2022-11-17 10:48:04');
INSERT INTO `t_goods` VALUES (218, 7, '凑数209', '凑数209', '个', 11002.7, 11538.3, 185, 110, '', 0, '2022-11-17 10:48:04', '2022-11-17 10:48:04');
INSERT INTO `t_goods` VALUES (219, 8, '凑数210', '凑数210', '个', 4613.6, 4900.4, 185, 75, '', 0, '2022-11-17 10:48:04', '2022-11-17 10:48:04');
INSERT INTO `t_goods` VALUES (220, 3, '凑数211', '凑数211', '个', 9382.3, 10129.8, 159, 109, '', 0, '2022-11-17 10:48:04', '2022-11-17 10:48:04');
INSERT INTO `t_goods` VALUES (221, 2, '凑数212', '凑数212', '个', 5755.8, 6397.4, 215, 107, '', 0, '2022-11-17 10:48:04', '2022-11-17 10:48:04');
INSERT INTO `t_goods` VALUES (222, 2, '凑数213', '凑数213', '个', 7877.7, 8467.8, 126, 39, '', 0, '2022-11-17 10:48:04', '2022-11-17 10:48:04');
INSERT INTO `t_goods` VALUES (223, 5, '凑数214', '凑数214', '个', 8908.8, 9175.5, 153, 54, '', 0, '2022-11-17 10:48:04', '2022-11-17 10:48:04');
INSERT INTO `t_goods` VALUES (224, 6, '凑数215', '凑数215', '个', 4272.1, 5018.0, 196, 88, '', 0, '2022-11-17 10:48:04', '2022-11-17 10:48:04');
INSERT INTO `t_goods` VALUES (225, 7, '凑数216', '凑数216', '个', 4547.4, 4766.6, 156, 74, '', 0, '2022-11-17 10:48:04', '2022-11-17 10:48:04');
INSERT INTO `t_goods` VALUES (226, 6, '凑数217', '凑数217', '个', 7221.6, 8171.7, 187, 86, '', 0, '2022-11-17 10:48:04', '2022-11-17 10:48:04');
INSERT INTO `t_goods` VALUES (227, 6, '凑数218', '凑数218', '个', 4863.3, 5781.4, 213, 111, '', 0, '2022-11-17 10:48:04', '2022-11-17 10:48:04');
INSERT INTO `t_goods` VALUES (228, 2, '凑数219', '凑数219', '个', 6560.7, 7632.2, 216, 91, '', 0, '2022-11-17 10:48:04', '2022-11-17 10:48:04');
INSERT INTO `t_goods` VALUES (229, 5, '凑数220', '凑数220', '个', 3296.4, 4391.4, 171, 60, '', 0, '2022-11-17 10:48:04', '2022-11-17 10:48:04');
INSERT INTO `t_goods` VALUES (230, 3, '凑数221', '凑数221', '个', 5895.0, 6512.8, 85, 30, '', 0, '2022-11-17 10:48:04', '2022-11-17 10:48:04');
INSERT INTO `t_goods` VALUES (231, 4, '凑数222', '凑数222', '个', 2127.1, 3024.0, 164, 110, '', 0, '2022-11-17 10:48:04', '2022-11-17 10:48:04');
INSERT INTO `t_goods` VALUES (232, 6, '凑数223', '凑数223', '个', 3049.0, 3633.3, 187, 61, '', 0, '2022-11-17 10:48:04', '2022-11-17 10:48:04');
INSERT INTO `t_goods` VALUES (233, 6, '凑数224', '凑数224', '个', 8378.4, 9134.3, 241, 111, '', 0, '2022-11-17 10:48:04', '2022-11-17 10:48:04');
INSERT INTO `t_goods` VALUES (234, 3, '凑数225', '凑数225', '个', 5284.8, 5943.2, 152, 44, '', 0, '2022-11-17 10:48:04', '2022-11-17 10:48:04');
INSERT INTO `t_goods` VALUES (235, 5, '凑数226', '凑数226', '个', 7067.8, 7369.1, 250, 100, '', 0, '2022-11-17 10:48:04', '2022-11-17 10:48:04');
INSERT INTO `t_goods` VALUES (236, 1, '凑数227', '凑数227', '个', 8824.1, 9033.7, 201, 62, '', 0, '2022-11-17 10:48:04', '2022-11-17 10:48:04');
INSERT INTO `t_goods` VALUES (237, 5, '凑数228', '凑数228', '个', 6008.0, 6811.6, 148, 55, '', 0, '2022-11-17 10:48:04', '2022-11-17 10:48:04');
INSERT INTO `t_goods` VALUES (238, 3, '凑数229', '凑数229', '个', 5536.7, 5762.6, 144, 67, '', 0, '2022-11-17 10:48:04', '2022-11-17 10:48:04');
INSERT INTO `t_goods` VALUES (239, 7, '凑数230', '凑数230', '个', 4662.5, 5414.8, 151, 72, '', 0, '2022-11-17 10:48:04', '2022-11-17 10:48:04');
INSERT INTO `t_goods` VALUES (240, 6, '凑数231', '凑数231', '个', 9704.0, 10251.7, 244, 120, '', 0, '2022-11-17 10:48:04', '2022-11-17 10:48:04');
INSERT INTO `t_goods` VALUES (241, 2, '凑数232', '凑数232', '个', 8458.7, 9321.2, 161, 22, '', 0, '2022-11-17 10:48:04', '2022-11-17 10:48:04');
INSERT INTO `t_goods` VALUES (242, 4, '凑数233', '凑数233', '个', 6453.6, 7446.1, 174, 77, '', 0, '2022-11-17 10:48:04', '2022-11-17 10:48:04');
INSERT INTO `t_goods` VALUES (243, 1, '凑数234', '凑数234', '个', 11559.5, 11771.2, 205, 58, '', 0, '2022-11-17 10:48:04', '2022-11-17 10:48:04');
INSERT INTO `t_goods` VALUES (244, 2, '凑数235', '凑数235', '个', 10062.5, 10949.7, 163, 33, '', 0, '2022-11-17 10:48:04', '2022-11-17 10:48:04');
INSERT INTO `t_goods` VALUES (245, 3, '凑数236', '凑数236', '个', 11197.2, 12216.4, 114, 41, '', 0, '2022-11-17 10:48:04', '2022-11-17 10:48:04');
INSERT INTO `t_goods` VALUES (246, 4, '凑数237', '凑数237', '个', 8758.2, 9202.4, 222, 90, '', 0, '2022-11-17 10:48:04', '2022-11-17 10:48:04');
INSERT INTO `t_goods` VALUES (247, 4, '凑数238', '凑数238', '个', 5460.6, 5700.9, 105, 48, '', 0, '2022-11-17 10:48:04', '2022-11-17 10:48:04');
INSERT INTO `t_goods` VALUES (248, 6, '凑数239', '凑数239', '个', 4166.9, 4496.2, 196, 108, '', 0, '2022-11-17 10:48:04', '2022-11-17 10:48:04');
INSERT INTO `t_goods` VALUES (249, 7, '凑数240', '凑数240', '个', 7278.7, 8339.5, 190, 69, '', 0, '2022-11-17 10:48:04', '2022-11-17 10:48:04');
INSERT INTO `t_goods` VALUES (250, 3, '凑数241', '凑数241', '个', 11461.8, 11970.2, 216, 81, '', 0, '2022-11-17 10:48:04', '2022-11-17 10:48:04');
INSERT INTO `t_goods` VALUES (251, 5, '凑数242', '凑数242', '个', 5375.6, 6372.6, 90, 33, '', 0, '2022-11-17 10:48:04', '2022-11-17 10:48:04');
INSERT INTO `t_goods` VALUES (252, 3, '凑数243', '凑数243', '个', 11739.3, 12643.4, 188, 85, '', 0, '2022-11-17 10:48:04', '2022-11-17 10:48:04');
INSERT INTO `t_goods` VALUES (253, 5, '凑数244', '凑数244', '个', 7227.8, 8308.2, 134, 23, '', 0, '2022-11-17 10:48:04', '2022-11-17 10:48:04');
INSERT INTO `t_goods` VALUES (254, 3, '凑数245', '凑数245', '个', 6329.0, 7075.3, 185, 52, '', 0, '2022-11-17 10:48:04', '2022-11-17 10:48:04');
INSERT INTO `t_goods` VALUES (255, 5, '凑数246', '凑数246', '个', 6992.2, 7996.4, 102, 21, '', 0, '2022-11-17 10:48:04', '2022-11-17 10:48:04');
INSERT INTO `t_goods` VALUES (256, 7, '凑数247', '凑数247', '个', 3591.3, 4164.0, 205, 105, '', 0, '2022-11-17 10:48:04', '2022-11-17 10:48:04');
INSERT INTO `t_goods` VALUES (257, 4, '凑数248', '凑数248', '个', 6068.4, 6589.3, 170, 72, '', 0, '2022-11-17 10:48:04', '2022-11-17 10:48:04');
INSERT INTO `t_goods` VALUES (258, 2, '凑数249', '凑数249', '个', 6237.9, 7196.0, 169, 89, '', 0, '2022-11-17 10:48:04', '2022-11-17 10:48:04');
INSERT INTO `t_goods` VALUES (259, 4, '凑数250', '凑数250', '个', 4214.0, 4701.7, 120, 41, '', 0, '2022-11-17 10:48:04', '2022-11-17 10:48:04');
INSERT INTO `t_goods` VALUES (260, 4, '凑数251', '凑数251', '个', 7818.8, 8221.5, 136, 24, '', 0, '2022-11-17 10:48:04', '2022-11-17 10:48:04');
INSERT INTO `t_goods` VALUES (261, 2, '凑数252', '凑数252', '个', 6701.8, 6936.3, 204, 70, '', 0, '2022-11-17 10:48:04', '2022-11-17 10:48:04');
INSERT INTO `t_goods` VALUES (262, 8, '凑数253', '凑数253', '个', 3204.6, 4091.0, 127, 27, '', 0, '2022-11-17 10:48:04', '2022-11-17 10:48:04');
INSERT INTO `t_goods` VALUES (263, 1, '凑数254', '凑数254', '个', 6305.0, 6538.6, 152, 86, '', 0, '2022-11-17 10:48:04', '2022-11-17 10:48:04');
INSERT INTO `t_goods` VALUES (264, 2, '凑数255', '凑数255', '个', 9110.9, 10145.3, 132, 27, '', 0, '2022-11-17 10:48:04', '2022-11-17 10:48:04');
INSERT INTO `t_goods` VALUES (265, 1, '凑数256', '凑数256', '个', 4410.6, 5284.2, 142, 76, '', 0, '2022-11-17 10:48:04', '2022-11-17 10:48:04');
INSERT INTO `t_goods` VALUES (266, 5, '凑数257', '凑数257', '个', 9703.7, 10646.7, 207, 58, '', 0, '2022-11-17 10:48:04', '2022-11-17 10:48:04');
INSERT INTO `t_goods` VALUES (267, 1, '凑数258', '凑数258', '个', 9222.0, 9674.6, 150, 84, '', 0, '2022-11-17 10:48:04', '2022-11-17 10:48:04');
INSERT INTO `t_goods` VALUES (268, 4, '凑数259', '凑数259', '个', 2374.1, 2630.4, 238, 91, '', 0, '2022-11-17 10:48:04', '2022-11-17 10:48:04');
INSERT INTO `t_goods` VALUES (269, 4, '凑数260', '凑数260', '个', 8819.3, 9769.0, 160, 70, '', 0, '2022-11-17 10:48:04', '2022-11-17 10:48:04');
INSERT INTO `t_goods` VALUES (270, 5, '凑数261', '凑数261', '个', 9542.9, 9953.5, 157, 77, '', 0, '2022-11-17 10:48:04', '2022-11-17 10:48:04');
INSERT INTO `t_goods` VALUES (271, 6, '凑数262', '凑数262', '个', 10761.9, 11297.1, 160, 68, '', 0, '2022-11-17 10:48:04', '2022-11-17 10:48:04');
INSERT INTO `t_goods` VALUES (272, 5, '凑数263', '凑数263', '个', 2824.0, 3290.4, 155, 36, '', 0, '2022-11-17 10:48:04', '2022-11-17 10:48:04');
INSERT INTO `t_goods` VALUES (273, 5, '凑数264', '凑数264', '个', 8287.8, 8972.3, 157, 29, '', 0, '2022-11-17 10:48:04', '2022-11-17 10:48:04');
INSERT INTO `t_goods` VALUES (274, 6, '凑数265', '凑数265', '个', 6226.3, 7408.8, 240, 99, '', 0, '2022-11-17 10:48:04', '2022-11-17 10:48:04');
INSERT INTO `t_goods` VALUES (275, 3, '凑数266', '凑数266', '个', 7826.2, 8575.0, 95, 39, '', 0, '2022-11-17 10:48:04', '2022-11-17 10:48:04');
INSERT INTO `t_goods` VALUES (276, 7, '凑数267', '凑数267', '个', 8713.8, 9503.8, 137, 37, '', 0, '2022-11-17 10:48:04', '2022-11-17 10:48:04');
INSERT INTO `t_goods` VALUES (277, 3, '凑数268', '凑数268', '个', 9126.1, 10253.1, 172, 27, '', 0, '2022-11-17 10:48:04', '2022-11-17 10:48:04');
INSERT INTO `t_goods` VALUES (278, 6, '凑数269', '凑数269', '个', 11518.1, 12666.9, 214, 112, '', 0, '2022-11-17 10:48:04', '2022-11-17 10:48:04');
INSERT INTO `t_goods` VALUES (279, 6, '凑数270', '凑数270', '个', 9529.2, 9945.3, 168, 40, '', 0, '2022-11-17 10:48:04', '2022-11-17 10:48:04');
INSERT INTO `t_goods` VALUES (280, 1, '凑数271', '凑数271', '个', 4622.4, 5113.0, 200, 116, '', 0, '2022-11-17 10:48:04', '2022-11-17 10:48:04');
INSERT INTO `t_goods` VALUES (281, 3, '凑数272', '凑数272', '个', 10392.5, 10734.7, 159, 37, '', 0, '2022-11-17 10:48:04', '2022-11-17 10:48:04');
INSERT INTO `t_goods` VALUES (282, 1, '凑数273', '凑数273', '个', 3757.2, 4099.7, 196, 92, '', 0, '2022-11-17 10:48:04', '2022-11-17 10:48:04');
INSERT INTO `t_goods` VALUES (283, 5, '凑数274', '凑数274', '个', 4526.7, 5352.5, 193, 86, '', 0, '2022-11-17 10:48:04', '2022-11-17 10:48:04');
INSERT INTO `t_goods` VALUES (284, 3, '凑数275', '凑数275', '个', 11929.1, 12567.1, 143, 44, '', 0, '2022-11-17 10:48:04', '2022-11-17 10:48:04');
INSERT INTO `t_goods` VALUES (285, 6, '凑数276', '凑数276', '个', 3410.8, 4605.7, 169, 43, '', 0, '2022-11-17 10:48:04', '2022-11-17 10:48:04');
INSERT INTO `t_goods` VALUES (286, 5, '凑数277', '凑数277', '个', 10134.7, 10476.1, 169, 99, '', 0, '2022-11-17 10:48:04', '2022-11-17 10:48:04');
INSERT INTO `t_goods` VALUES (287, 8, '凑数278', '凑数278', '个', 7917.6, 8923.3, 117, 55, '', 0, '2022-11-17 10:48:04', '2022-11-17 10:48:04');
INSERT INTO `t_goods` VALUES (288, 7, '凑数279', '凑数279', '个', 3669.9, 4020.8, 217, 68, '', 0, '2022-11-17 10:48:04', '2022-11-17 10:48:04');
INSERT INTO `t_goods` VALUES (289, 3, '凑数280', '凑数280', '个', 7093.1, 8176.0, 173, 77, '', 0, '2022-11-17 10:48:04', '2022-11-17 10:48:04');
INSERT INTO `t_goods` VALUES (290, 4, '凑数281', '凑数281', '个', 8526.2, 9347.1, 232, 108, '', 0, '2022-11-17 10:48:04', '2022-11-17 10:48:04');
INSERT INTO `t_goods` VALUES (291, 6, '凑数282', '凑数282', '个', 10556.6, 10963.9, 78, 25, '', 0, '2022-11-17 10:48:04', '2022-11-17 10:48:04');
INSERT INTO `t_goods` VALUES (292, 7, '凑数283', '凑数283', '个', 7115.6, 8153.4, 181, 68, '', 0, '2022-11-17 10:48:04', '2022-11-17 10:48:04');
INSERT INTO `t_goods` VALUES (293, 3, '凑数284', '凑数284', '个', 8197.7, 8914.3, 180, 42, '', 0, '2022-11-17 10:48:04', '2022-11-17 10:48:04');
INSERT INTO `t_goods` VALUES (294, 4, '凑数285', '凑数285', '个', 10471.9, 11112.7, 216, 80, '', 0, '2022-11-17 10:48:04', '2022-11-17 10:48:04');
INSERT INTO `t_goods` VALUES (295, 8, '凑数286', '凑数286', '个', 11976.2, 12923.2, 187, 60, '', 0, '2022-11-17 10:48:04', '2022-11-17 10:48:04');
INSERT INTO `t_goods` VALUES (296, 3, '凑数287', '凑数287', '个', 8289.2, 9154.2, 217, 102, '', 0, '2022-11-17 10:48:04', '2022-11-17 10:48:04');
INSERT INTO `t_goods` VALUES (297, 4, '凑数288', '凑数288', '个', 4312.3, 4892.1, 159, 42, '', 0, '2022-11-17 10:48:04', '2022-11-17 10:48:04');
INSERT INTO `t_goods` VALUES (298, 1, '凑数289', '凑数289', '个', 4325.5, 5108.9, 176, 34, '', 0, '2022-11-17 10:48:04', '2022-11-17 10:48:04');
INSERT INTO `t_goods` VALUES (299, 4, '凑数290', '凑数290', '个', 10282.1, 10726.8, 186, 59, '', 0, '2022-11-17 10:48:04', '2022-11-17 10:48:04');
INSERT INTO `t_goods` VALUES (300, 6, '凑数291', '凑数291', '个', 3028.5, 3352.7, 127, 41, '', 0, '2022-11-17 10:48:04', '2022-11-17 10:48:04');
INSERT INTO `t_goods` VALUES (301, 4, '凑数292', '凑数292', '个', 6501.2, 7403.7, 107, 36, '', 0, '2022-11-17 10:48:04', '2022-11-17 10:48:04');
INSERT INTO `t_goods` VALUES (302, 4, '凑数293', '凑数293', '个', 11339.5, 12518.7, 137, 24, '', 0, '2022-11-17 10:48:04', '2022-11-17 10:48:04');
INSERT INTO `t_goods` VALUES (303, 1, '凑数294', '凑数294', '个', 4007.9, 4855.3, 105, 32, '', 0, '2022-11-17 10:48:04', '2022-11-17 10:48:04');
INSERT INTO `t_goods` VALUES (304, 3, '凑数295', '凑数295', '个', 4133.4, 4345.9, 145, 57, '', 0, '2022-11-17 10:48:04', '2022-11-17 10:48:04');
INSERT INTO `t_goods` VALUES (305, 5, '凑数296', '凑数296', '个', 10780.6, 11110.8, 188, 44, '', 0, '2022-11-17 10:48:04', '2022-11-17 10:48:04');
INSERT INTO `t_goods` VALUES (306, 5, '凑数297', '凑数297', '个', 5049.8, 6241.4, 150, 91, '', 0, '2022-11-17 10:48:04', '2022-11-17 10:48:04');
INSERT INTO `t_goods` VALUES (307, 1, '凑数298', '凑数298', '个', 6729.8, 6951.2, 172, 30, '', 0, '2022-11-17 10:48:04', '2022-11-17 10:48:04');
INSERT INTO `t_goods` VALUES (308, 2, '凑数299', '凑数299', '个', 7404.4, 8166.2, 222, 114, '', 0, '2022-11-17 10:48:04', '2022-11-17 10:48:04');
INSERT INTO `t_goods` VALUES (309, 2, '凑数300', '凑数300', '个', 4191.4, 4869.1, 112, 55, '', 0, '2022-11-17 10:48:04', '2022-11-17 10:48:04');
INSERT INTO `t_goods` VALUES (310, 7, '凑数301', '凑数301', '个', 10994.6, 11253.9, 192, 50, '', 0, '2022-11-17 10:48:04', '2022-11-17 10:48:04');
INSERT INTO `t_goods` VALUES (311, 8, '凑数302', '凑数302', '个', 6466.0, 7049.8, 122, 66, '', 0, '2022-11-17 10:48:04', '2022-11-17 10:48:04');
INSERT INTO `t_goods` VALUES (312, 6, '凑数303', '凑数303', '个', 3679.2, 4615.4, 182, 85, '', 0, '2022-11-17 10:48:04', '2022-11-17 10:48:04');
INSERT INTO `t_goods` VALUES (313, 3, '凑数304', '凑数304', '个', 3566.6, 4427.0, 131, 56, '', 0, '2022-11-17 10:48:04', '2022-11-17 10:48:04');
INSERT INTO `t_goods` VALUES (314, 2, '凑数305', '凑数305', '个', 4702.4, 5057.1, 150, 80, '', 0, '2022-11-17 10:48:04', '2022-11-17 10:48:04');
INSERT INTO `t_goods` VALUES (315, 7, '凑数306', '凑数306', '个', 7357.2, 8253.3, 90, 28, '', 0, '2022-11-17 10:48:04', '2022-11-17 10:48:04');
INSERT INTO `t_goods` VALUES (316, 5, '凑数307', '凑数307', '个', 7175.0, 7541.1, 105, 42, '', 0, '2022-11-17 10:48:04', '2022-11-17 10:48:04');
INSERT INTO `t_goods` VALUES (317, 2, '凑数308', '凑数308', '个', 3381.3, 4306.1, 124, 51, '', 0, '2022-11-17 10:48:04', '2022-11-17 10:48:04');
INSERT INTO `t_goods` VALUES (318, 3, '凑数309', '凑数309', '个', 11902.9, 12807.4, 159, 45, '', 0, '2022-11-17 10:48:04', '2022-11-17 10:48:04');
INSERT INTO `t_goods` VALUES (319, 6, '凑数310', '凑数310', '个', 3112.4, 3313.8, 201, 82, '', 0, '2022-11-17 10:48:04', '2022-11-17 10:48:04');
INSERT INTO `t_goods` VALUES (320, 3, '凑数311', '凑数311', '个', 6353.0, 7503.5, 179, 31, '', 0, '2022-11-17 10:48:04', '2022-11-17 10:48:04');
INSERT INTO `t_goods` VALUES (321, 3, '凑数312', '凑数312', '个', 2436.0, 3165.8, 181, 48, '', 0, '2022-11-17 10:48:04', '2022-11-17 10:48:04');
INSERT INTO `t_goods` VALUES (322, 4, '凑数313', '凑数313', '个', 7365.0, 8070.4, 116, 41, '', 0, '2022-11-17 10:48:04', '2022-11-17 10:48:04');
INSERT INTO `t_goods` VALUES (323, 5, '凑数314', '凑数314', '个', 9394.9, 10272.4, 252, 114, '', 0, '2022-11-17 10:48:04', '2022-11-17 10:48:04');
INSERT INTO `t_goods` VALUES (324, 1, '凑数315', '凑数315', '个', 5753.1, 6425.5, 119, 43, '', 0, '2022-11-17 10:48:04', '2022-11-17 10:48:04');
INSERT INTO `t_goods` VALUES (325, 5, '凑数316', '凑数316', '个', 10876.8, 11183.3, 205, 86, '', 0, '2022-11-17 10:48:04', '2022-11-17 10:48:04');
INSERT INTO `t_goods` VALUES (326, 4, '凑数317', '凑数317', '个', 3243.6, 3797.5, 182, 76, '', 0, '2022-11-17 10:48:04', '2022-11-17 10:48:04');
INSERT INTO `t_goods` VALUES (327, 5, '凑数318', '凑数318', '个', 9253.5, 9573.0, 246, 115, '', 0, '2022-11-17 10:48:04', '2022-11-17 10:48:04');
INSERT INTO `t_goods` VALUES (328, 7, '凑数319', '凑数319', '个', 8789.7, 9198.6, 224, 117, '', 0, '2022-11-17 10:48:04', '2022-11-17 10:48:04');
INSERT INTO `t_goods` VALUES (329, 3, '凑数320', '凑数320', '个', 4181.5, 4551.8, 114, 58, '', 0, '2022-11-17 10:48:04', '2022-11-17 10:48:04');
INSERT INTO `t_goods` VALUES (330, 3, '凑数321', '凑数321', '个', 9815.1, 10399.4, 240, 93, '', 0, '2022-11-17 10:48:04', '2022-11-17 10:48:04');
INSERT INTO `t_goods` VALUES (331, 2, '凑数322', '凑数322', '个', 9138.2, 9907.3, 189, 85, '', 0, '2022-11-17 10:48:04', '2022-11-17 10:48:04');
INSERT INTO `t_goods` VALUES (332, 4, '凑数323', '凑数323', '个', 11739.9, 12072.6, 147, 46, '', 0, '2022-11-17 10:48:04', '2022-11-17 10:48:04');
INSERT INTO `t_goods` VALUES (333, 2, '凑数324', '凑数324', '个', 3731.9, 4441.2, 128, 52, '', 0, '2022-11-17 10:48:04', '2022-11-17 10:48:04');
INSERT INTO `t_goods` VALUES (334, 1, '凑数325', '凑数325', '个', 9694.1, 10863.2, 151, 27, '', 0, '2022-11-17 10:48:04', '2022-11-17 10:48:04');
INSERT INTO `t_goods` VALUES (335, 4, '凑数326', '凑数326', '个', 9955.8, 10856.9, 178, 96, '', 0, '2022-11-17 10:48:04', '2022-11-17 10:48:04');
INSERT INTO `t_goods` VALUES (336, 4, '凑数327', '凑数327', '个', 7147.6, 7893.5, 162, 80, '', 0, '2022-11-17 10:48:04', '2022-11-17 10:48:04');
INSERT INTO `t_goods` VALUES (337, 1, '凑数328', '凑数328', '个', 11449.8, 12530.5, 176, 98, '', 0, '2022-11-17 10:48:04', '2022-11-17 10:48:04');
INSERT INTO `t_goods` VALUES (338, 4, '凑数329', '凑数329', '个', 9562.3, 10146.3, 223, 114, '', 0, '2022-11-17 10:48:04', '2022-11-17 10:48:04');
INSERT INTO `t_goods` VALUES (339, 1, '凑数330', '凑数330', '个', 10161.0, 10712.3, 161, 50, '', 0, '2022-11-17 10:48:04', '2022-11-17 10:48:04');
INSERT INTO `t_goods` VALUES (340, 4, '凑数331', '凑数331', '个', 11777.3, 12843.7, 86, 27, '', 0, '2022-11-17 10:48:04', '2022-11-17 10:48:04');
INSERT INTO `t_goods` VALUES (341, 2, '凑数332', '凑数332', '个', 10354.5, 11183.4, 254, 112, '', 0, '2022-11-17 10:48:04', '2022-11-17 10:48:04');
INSERT INTO `t_goods` VALUES (342, 6, '凑数333', '凑数333', '个', 9014.5, 9289.3, 182, 95, '', 0, '2022-11-17 10:48:04', '2022-11-17 10:48:04');
INSERT INTO `t_goods` VALUES (343, 3, '凑数334', '凑数334', '个', 8305.6, 8925.8, 92, 24, '', 0, '2022-11-17 10:48:04', '2022-11-17 10:48:04');
INSERT INTO `t_goods` VALUES (344, 1, '凑数335', '凑数335', '个', 8235.4, 9002.7, 193, 79, '', 0, '2022-11-17 10:48:04', '2022-11-17 10:48:04');
INSERT INTO `t_goods` VALUES (345, 3, '凑数336', '凑数336', '个', 6938.7, 7870.1, 208, 75, '', 0, '2022-11-17 10:48:04', '2022-11-17 10:48:04');
INSERT INTO `t_goods` VALUES (346, 2, '凑数337', '凑数337', '个', 11314.1, 11538.2, 166, 38, '', 0, '2022-11-17 10:48:04', '2022-11-17 10:48:04');
INSERT INTO `t_goods` VALUES (347, 4, '凑数338', '凑数338', '个', 10233.0, 11224.6, 216, 98, '', 0, '2022-11-17 10:48:04', '2022-11-17 10:48:04');
INSERT INTO `t_goods` VALUES (348, 4, '凑数339', '凑数339', '个', 2290.5, 3317.7, 165, 30, '', 0, '2022-11-17 10:48:04', '2022-11-17 10:48:04');
INSERT INTO `t_goods` VALUES (349, 5, '凑数340', '凑数340', '个', 9911.8, 10873.0, 113, 59, '', 0, '2022-11-17 10:48:04', '2022-11-17 10:48:04');
INSERT INTO `t_goods` VALUES (350, 7, '凑数341', '凑数341', '个', 11324.1, 12252.2, 128, 73, '', 0, '2022-11-17 10:48:04', '2022-11-17 10:48:04');
INSERT INTO `t_goods` VALUES (351, 3, '凑数342', '凑数342', '个', 2419.8, 2620.7, 104, 27, '', 0, '2022-11-17 10:48:04', '2022-11-17 10:48:04');
INSERT INTO `t_goods` VALUES (352, 5, '凑数343', '凑数343', '个', 5490.8, 6012.1, 236, 113, '', 0, '2022-11-17 10:48:04', '2022-11-17 10:48:04');
INSERT INTO `t_goods` VALUES (353, 3, '凑数344', '凑数344', '个', 8940.9, 9795.5, 136, 48, '', 0, '2022-11-17 10:48:04', '2022-11-17 10:48:04');
INSERT INTO `t_goods` VALUES (354, 3, '凑数345', '凑数345', '个', 11553.7, 12181.6, 169, 83, '', 0, '2022-11-17 10:48:04', '2022-11-17 10:48:04');
INSERT INTO `t_goods` VALUES (355, 6, '凑数346', '凑数346', '个', 7018.7, 7326.5, 163, 64, '', 0, '2022-11-17 10:48:04', '2022-11-17 10:48:04');
INSERT INTO `t_goods` VALUES (356, 1, '凑数347', '凑数347', '个', 3064.4, 3301.8, 80, 27, '', 0, '2022-11-17 10:48:04', '2022-11-17 10:48:04');
INSERT INTO `t_goods` VALUES (357, 4, '凑数348', '凑数348', '个', 2420.0, 3574.6, 121, 32, '', 0, '2022-11-17 10:48:04', '2022-11-17 10:48:04');
INSERT INTO `t_goods` VALUES (358, 8, '凑数349', '凑数349', '个', 2808.3, 3016.6, 115, 44, '', 0, '2022-11-17 10:48:04', '2022-11-17 10:48:04');
INSERT INTO `t_goods` VALUES (359, 3, '凑数350', '凑数350', '个', 2222.5, 2713.5, 159, 68, '', 0, '2022-11-17 10:48:04', '2022-11-17 10:48:04');
INSERT INTO `t_goods` VALUES (360, 7, '凑数351', '凑数351', '个', 3824.3, 4223.6, 184, 88, '', 0, '2022-11-17 10:48:04', '2022-11-17 10:48:04');
INSERT INTO `t_goods` VALUES (361, 1, '凑数352', '凑数352', '个', 8770.4, 9258.8, 95, 22, '', 0, '2022-11-17 10:48:04', '2022-11-17 10:48:04');
INSERT INTO `t_goods` VALUES (362, 2, '凑数353', '凑数353', '个', 4992.6, 5248.4, 151, 100, '', 0, '2022-11-17 10:48:04', '2022-11-17 10:48:04');
INSERT INTO `t_goods` VALUES (363, 3, '凑数354', '凑数354', '个', 10840.7, 11345.3, 173, 59, '', 0, '2022-11-17 10:48:04', '2022-11-17 10:48:04');
INSERT INTO `t_goods` VALUES (364, 5, '凑数355', '凑数355', '个', 4833.1, 5745.5, 184, 70, '', 0, '2022-11-17 10:48:04', '2022-11-17 10:48:04');
INSERT INTO `t_goods` VALUES (365, 5, '凑数356', '凑数356', '个', 2516.4, 3528.8, 139, 54, '', 0, '2022-11-17 10:48:04', '2022-11-17 10:48:04');
INSERT INTO `t_goods` VALUES (366, 8, '凑数357', '凑数357', '个', 5312.1, 5635.7, 197, 80, '', 0, '2022-11-17 10:48:04', '2022-11-17 10:48:04');
INSERT INTO `t_goods` VALUES (367, 6, '凑数358', '凑数358', '个', 11920.2, 12974.2, 170, 114, '', 0, '2022-11-17 10:48:04', '2022-11-17 10:48:04');
INSERT INTO `t_goods` VALUES (368, 4, '凑数359', '凑数359', '个', 9446.2, 10335.8, 130, 74, '', 0, '2022-11-17 10:48:04', '2022-11-17 10:48:04');
INSERT INTO `t_goods` VALUES (369, 5, '凑数360', '凑数360', '个', 4520.8, 5430.9, 157, 27, '', 0, '2022-11-17 10:48:04', '2022-11-17 10:48:04');
INSERT INTO `t_goods` VALUES (370, 3, '凑数361', '凑数361', '个', 10809.2, 11750.8, 237, 120, '', 0, '2022-11-17 10:48:04', '2022-11-17 10:48:04');
INSERT INTO `t_goods` VALUES (371, 4, '凑数362', '凑数362', '个', 3077.7, 3527.7, 137, 74, '', 0, '2022-11-17 10:48:04', '2022-11-17 10:48:04');
INSERT INTO `t_goods` VALUES (372, 6, '凑数363', '凑数363', '个', 10954.8, 11705.2, 125, 29, '', 0, '2022-11-17 10:48:04', '2022-11-17 10:48:04');
INSERT INTO `t_goods` VALUES (373, 3, '凑数364', '凑数364', '个', 8458.2, 8691.6, 177, 105, '', 0, '2022-11-17 10:48:04', '2022-11-17 10:48:04');
INSERT INTO `t_goods` VALUES (374, 3, '凑数365', '凑数365', '个', 11772.3, 12584.9, 120, 44, '', 0, '2022-11-17 10:48:04', '2022-11-17 10:48:04');
INSERT INTO `t_goods` VALUES (375, 6, '凑数366', '凑数366', '个', 6827.2, 7455.6, 149, 82, '', 0, '2022-11-17 10:48:04', '2022-11-17 10:48:04');
INSERT INTO `t_goods` VALUES (376, 5, '凑数367', '凑数367', '个', 7478.2, 7725.1, 152, 44, '', 0, '2022-11-17 10:48:04', '2022-11-17 10:48:04');
INSERT INTO `t_goods` VALUES (377, 5, '凑数368', '凑数368', '个', 9376.3, 9657.3, 229, 116, '', 0, '2022-11-17 10:48:04', '2022-11-17 10:48:04');
INSERT INTO `t_goods` VALUES (378, 2, '凑数369', '凑数369', '个', 10886.6, 11171.6, 222, 76, '', 0, '2022-11-17 10:48:04', '2022-11-17 10:48:04');
INSERT INTO `t_goods` VALUES (379, 4, '凑数370', '凑数370', '个', 7346.4, 8117.2, 217, 100, '', 0, '2022-11-17 10:48:04', '2022-11-17 10:48:04');
INSERT INTO `t_goods` VALUES (380, 2, '凑数371', '凑数371', '个', 8487.8, 8954.9, 170, 43, '', 0, '2022-11-17 10:48:04', '2022-11-17 10:48:04');
INSERT INTO `t_goods` VALUES (381, 2, '凑数372', '凑数372', '个', 2303.3, 2806.6, 255, 105, '', 0, '2022-11-17 10:48:04', '2022-11-17 10:48:04');
INSERT INTO `t_goods` VALUES (382, 8, '凑数373', '凑数373', '个', 2879.2, 3462.4, 123, 64, '', 0, '2022-11-17 10:48:04', '2022-11-17 10:48:04');
INSERT INTO `t_goods` VALUES (383, 4, '凑数374', '凑数374', '个', 5110.5, 5781.2, 195, 48, '', 0, '2022-11-17 10:48:04', '2022-11-17 10:48:04');
INSERT INTO `t_goods` VALUES (384, 8, '凑数375', '凑数375', '个', 6323.1, 6648.1, 164, 45, '', 0, '2022-11-17 10:48:04', '2022-11-17 10:48:04');
INSERT INTO `t_goods` VALUES (385, 4, '凑数376', '凑数376', '个', 2790.7, 3911.3, 149, 52, '', 0, '2022-11-17 10:48:04', '2022-11-17 10:48:04');
INSERT INTO `t_goods` VALUES (386, 7, '凑数377', '凑数377', '个', 7832.2, 8485.9, 209, 71, '', 0, '2022-11-17 10:48:04', '2022-11-17 10:48:04');
INSERT INTO `t_goods` VALUES (387, 5, '凑数378', '凑数378', '个', 2375.9, 3084.7, 190, 75, '', 0, '2022-11-17 10:48:04', '2022-11-17 10:48:04');
INSERT INTO `t_goods` VALUES (388, 3, '凑数379', '凑数379', '个', 9278.7, 9671.2, 160, 89, '', 0, '2022-11-17 10:48:04', '2022-11-17 10:48:04');
INSERT INTO `t_goods` VALUES (389, 3, '凑数380', '凑数380', '个', 6756.2, 7239.3, 195, 95, '', 0, '2022-11-17 10:48:04', '2022-11-17 10:48:04');
INSERT INTO `t_goods` VALUES (390, 1, '凑数381', '凑数381', '个', 8636.8, 9713.1, 171, 101, '', 0, '2022-11-17 10:48:04', '2022-11-17 10:48:04');
INSERT INTO `t_goods` VALUES (391, 7, '凑数382', '凑数382', '个', 5545.2, 6444.6, 183, 38, '', 0, '2022-11-17 10:48:04', '2022-11-17 10:48:04');
INSERT INTO `t_goods` VALUES (392, 8, '凑数383', '凑数383', '个', 8447.4, 9291.7, 143, 58, '', 0, '2022-11-17 10:48:04', '2022-11-17 10:48:04');
INSERT INTO `t_goods` VALUES (393, 2, '凑数384', '凑数384', '个', 10399.2, 10990.8, 132, 34, '', 0, '2022-11-17 10:48:04', '2022-11-17 10:48:04');
INSERT INTO `t_goods` VALUES (394, 5, '凑数385', '凑数385', '个', 4155.3, 5281.6, 226, 84, '', 0, '2022-11-17 10:48:04', '2022-11-17 10:48:04');
INSERT INTO `t_goods` VALUES (395, 8, '凑数386', '凑数386', '个', 10066.4, 10369.4, 153, 48, '', 0, '2022-11-17 10:48:04', '2022-11-17 10:48:04');
INSERT INTO `t_goods` VALUES (396, 1, '凑数387', '凑数387', '个', 6195.9, 7239.5, 124, 66, '', 0, '2022-11-17 10:48:04', '2022-11-17 10:48:04');
INSERT INTO `t_goods` VALUES (397, 2, '凑数388', '凑数388', '个', 10814.7, 11311.6, 88, 36, '', 0, '2022-11-17 10:48:04', '2022-11-17 10:48:04');
INSERT INTO `t_goods` VALUES (398, 2, '凑数389', '凑数389', '个', 4025.9, 4238.4, 219, 116, '', 0, '2022-11-17 10:48:04', '2022-11-17 10:48:04');
INSERT INTO `t_goods` VALUES (399, 6, '凑数390', '凑数390', '个', 8259.1, 8762.4, 141, 73, '', 0, '2022-11-17 10:48:04', '2022-11-17 10:48:04');
INSERT INTO `t_goods` VALUES (400, 7, '凑数391', '凑数391', '个', 11807.6, 12420.6, 142, 57, '', 0, '2022-11-17 10:48:04', '2022-11-17 10:48:04');
INSERT INTO `t_goods` VALUES (401, 3, '凑数392', '凑数392', '个', 7231.0, 7866.5, 177, 76, '', 0, '2022-11-17 10:48:04', '2022-11-17 10:48:04');
INSERT INTO `t_goods` VALUES (402, 7, '凑数393', '凑数393', '个', 4504.6, 4745.6, 211, 92, '', 0, '2022-11-17 10:48:04', '2022-11-17 10:48:04');
INSERT INTO `t_goods` VALUES (403, 6, '凑数394', '凑数394', '个', 5167.1, 6049.5, 169, 72, '', 0, '2022-11-17 10:48:04', '2022-11-17 10:48:04');
INSERT INTO `t_goods` VALUES (404, 3, '凑数395', '凑数395', '个', 4873.7, 5559.4, 121, 24, '', 0, '2022-11-17 10:48:04', '2022-11-17 10:48:04');
INSERT INTO `t_goods` VALUES (405, 7, '凑数396', '凑数396', '个', 11038.9, 11940.9, 90, 30, '', 0, '2022-11-17 10:48:04', '2022-11-17 10:48:04');
INSERT INTO `t_goods` VALUES (406, 5, '凑数397', '凑数397', '个', 6119.2, 6618.2, 242, 95, '', 0, '2022-11-17 10:48:04', '2022-11-17 10:48:04');
INSERT INTO `t_goods` VALUES (407, 2, '凑数398', '凑数398', '个', 11397.9, 12032.5, 218, 100, '', 0, '2022-11-17 10:48:04', '2022-11-17 10:48:04');
INSERT INTO `t_goods` VALUES (408, 6, '凑数399', '凑数399', '个', 2870.1, 3574.5, 140, 60, '', 0, '2022-11-17 10:48:04', '2022-11-17 10:48:04');
INSERT INTO `t_goods` VALUES (409, 1, '凑数400', '凑数400', '个', 11787.6, 12277.8, 198, 120, '', 0, '2022-11-17 10:48:04', '2022-11-17 10:48:04');
INSERT INTO `t_goods` VALUES (410, 4, '凑数401', '凑数401', '个', 7257.9, 7974.4, 194, 99, '', 0, '2022-11-17 10:48:04', '2022-11-17 10:48:04');
INSERT INTO `t_goods` VALUES (411, 5, '凑数402', '凑数402', '个', 8953.0, 9572.6, 124, 33, '', 0, '2022-11-17 10:48:04', '2022-11-17 10:48:04');
INSERT INTO `t_goods` VALUES (412, 5, '凑数403', '凑数403', '个', 10061.5, 10590.2, 151, 99, '', 0, '2022-11-17 10:48:04', '2022-11-17 10:48:04');
INSERT INTO `t_goods` VALUES (413, 3, '凑数404', '凑数404', '个', 3175.4, 4175.7, 141, 73, '', 0, '2022-11-17 10:48:04', '2022-11-17 10:48:04');
INSERT INTO `t_goods` VALUES (414, 7, '凑数405', '凑数405', '个', 6756.6, 7573.2, 213, 105, '', 0, '2022-11-17 10:48:04', '2022-11-17 10:48:04');
INSERT INTO `t_goods` VALUES (415, 3, '凑数406', '凑数406', '个', 2428.0, 3514.7, 182, 68, '', 0, '2022-11-17 10:48:04', '2022-11-17 10:48:04');
INSERT INTO `t_goods` VALUES (416, 3, '凑数407', '凑数407', '个', 7408.9, 7739.0, 224, 98, '', 0, '2022-11-17 10:48:04', '2022-11-17 10:48:04');
INSERT INTO `t_goods` VALUES (417, 6, '凑数408', '凑数408', '个', 6165.2, 6686.9, 188, 100, '', 0, '2022-11-17 10:48:04', '2022-11-17 10:48:04');
INSERT INTO `t_goods` VALUES (418, 6, '凑数409', '凑数409', '个', 11257.9, 12446.5, 205, 69, '', 0, '2022-11-17 10:48:04', '2022-11-17 10:48:04');
INSERT INTO `t_goods` VALUES (419, 4, '凑数410', '凑数410', '个', 5326.7, 6394.1, 84, 28, '', 0, '2022-11-17 10:48:04', '2022-11-17 10:48:04');
INSERT INTO `t_goods` VALUES (420, 7, '凑数411', '凑数411', '个', 9211.3, 9650.2, 162, 61, '', 0, '2022-11-17 10:48:04', '2022-11-17 10:48:04');
INSERT INTO `t_goods` VALUES (421, 6, '凑数412', '凑数412', '个', 10341.7, 11116.4, 212, 84, '', 0, '2022-11-17 10:48:04', '2022-11-17 10:48:04');
INSERT INTO `t_goods` VALUES (422, 7, '凑数413', '凑数413', '个', 3581.3, 4554.8, 153, 66, '', 0, '2022-11-17 10:48:04', '2022-11-17 10:48:04');
INSERT INTO `t_goods` VALUES (423, 4, '凑数414', '凑数414', '个', 7448.0, 7784.4, 181, 80, '', 0, '2022-11-17 10:48:04', '2022-11-17 10:48:04');
INSERT INTO `t_goods` VALUES (424, 5, '凑数415', '凑数415', '个', 3485.4, 4031.5, 186, 41, '', 0, '2022-11-17 10:48:04', '2022-11-17 10:48:04');
INSERT INTO `t_goods` VALUES (425, 3, '凑数416', '凑数416', '个', 9058.3, 9687.1, 164, 88, '', 0, '2022-11-17 10:48:04', '2022-11-17 10:48:04');
INSERT INTO `t_goods` VALUES (426, 3, '凑数417', '凑数417', '个', 2038.9, 2577.5, 100, 45, '', 0, '2022-11-17 10:48:04', '2022-11-17 10:48:04');
INSERT INTO `t_goods` VALUES (427, 3, '凑数418', '凑数418', '个', 4257.9, 4718.8, 226, 118, '', 0, '2022-11-17 10:48:04', '2022-11-17 10:48:04');
INSERT INTO `t_goods` VALUES (428, 5, '凑数419', '凑数419', '个', 3006.6, 3710.5, 229, 97, '', 0, '2022-11-17 10:48:04', '2022-11-17 10:48:04');
INSERT INTO `t_goods` VALUES (429, 2, '凑数420', '凑数420', '个', 8125.2, 9077.7, 174, 79, '', 0, '2022-11-17 10:48:04', '2022-11-17 10:48:04');
INSERT INTO `t_goods` VALUES (430, 3, '凑数421', '凑数421', '个', 2044.2, 2804.9, 223, 86, '', 0, '2022-11-17 10:48:04', '2022-11-17 10:48:04');
INSERT INTO `t_goods` VALUES (431, 6, '凑数422', '凑数422', '个', 8704.2, 9138.9, 154, 94, '', 0, '2022-11-17 10:48:04', '2022-11-17 10:48:04');
INSERT INTO `t_goods` VALUES (432, 8, '凑数423', '凑数423', '个', 9948.5, 11073.2, 202, 87, '', 0, '2022-11-17 10:48:04', '2022-11-17 10:48:04');
INSERT INTO `t_goods` VALUES (433, 2, '凑数424', '凑数424', '个', 6943.9, 7968.8, 212, 71, '', 0, '2022-11-17 10:48:04', '2022-11-17 10:48:04');
INSERT INTO `t_goods` VALUES (434, 8, '凑数425', '凑数425', '个', 2747.8, 2998.1, 160, 84, '', 0, '2022-11-17 10:48:04', '2022-11-17 10:48:04');
INSERT INTO `t_goods` VALUES (435, 5, '凑数426', '凑数426', '个', 3582.9, 4538.5, 82, 21, '', 0, '2022-11-17 10:48:04', '2022-11-17 10:48:04');
INSERT INTO `t_goods` VALUES (436, 8, '凑数427', '凑数427', '个', 5043.0, 5610.5, 178, 38, '', 0, '2022-11-17 10:48:04', '2022-11-17 10:48:04');
INSERT INTO `t_goods` VALUES (437, 7, '凑数428', '凑数428', '个', 5745.2, 6426.6, 187, 39, '', 0, '2022-11-17 10:48:04', '2022-11-17 10:48:04');
INSERT INTO `t_goods` VALUES (438, 5, '凑数429', '凑数429', '个', 6692.6, 7615.9, 197, 60, '', 0, '2022-11-17 10:48:04', '2022-11-17 10:48:04');
INSERT INTO `t_goods` VALUES (439, 4, '凑数430', '凑数430', '个', 3576.3, 4628.9, 170, 39, '', 0, '2022-11-17 10:48:04', '2022-11-17 10:48:04');
INSERT INTO `t_goods` VALUES (440, 3, '凑数431', '凑数431', '个', 6737.9, 7731.9, 263, 115, '', 0, '2022-11-17 10:48:04', '2022-11-17 10:48:04');
INSERT INTO `t_goods` VALUES (441, 1, '凑数432', '凑数432', '个', 7358.5, 8548.1, 227, 93, '', 0, '2022-11-17 10:48:04', '2022-11-17 10:48:04');
INSERT INTO `t_goods` VALUES (442, 6, '凑数433', '凑数433', '个', 4464.1, 5430.9, 191, 90, '', 0, '2022-11-17 10:48:04', '2022-11-17 10:48:04');
INSERT INTO `t_goods` VALUES (443, 6, '凑数434', '凑数434', '个', 4429.6, 5139.5, 179, 89, '', 0, '2022-11-17 10:48:04', '2022-11-17 10:48:04');
INSERT INTO `t_goods` VALUES (444, 6, '凑数435', '凑数435', '个', 6880.3, 7810.1, 153, 43, '', 0, '2022-11-17 10:48:04', '2022-11-17 10:48:04');
INSERT INTO `t_goods` VALUES (445, 5, '凑数436', '凑数436', '个', 10002.4, 10762.2, 180, 41, '', 0, '2022-11-17 10:48:04', '2022-11-17 10:48:04');
INSERT INTO `t_goods` VALUES (446, 5, '凑数437', '凑数437', '个', 9692.5, 10249.5, 93, 38, '', 0, '2022-11-17 10:48:04', '2022-11-17 10:48:04');
INSERT INTO `t_goods` VALUES (447, 4, '凑数438', '凑数438', '个', 3881.5, 4536.9, 168, 99, '', 0, '2022-11-17 10:48:04', '2022-11-17 10:48:04');
INSERT INTO `t_goods` VALUES (448, 1, '凑数439', '凑数439', '个', 7862.5, 8180.5, 153, 56, '', 0, '2022-11-17 10:48:04', '2022-11-17 10:48:04');
INSERT INTO `t_goods` VALUES (449, 1, '凑数440', '凑数440', '个', 2042.5, 2519.7, 164, 81, '', 0, '2022-11-17 10:48:04', '2022-11-17 10:48:04');
INSERT INTO `t_goods` VALUES (450, 7, '凑数441', '凑数441', '个', 10084.1, 10436.7, 93, 26, '', 0, '2022-11-17 10:48:04', '2022-11-17 10:48:04');
INSERT INTO `t_goods` VALUES (451, 6, '凑数442', '凑数442', '个', 5750.8, 6591.6, 202, 58, '', 0, '2022-11-17 10:48:04', '2022-11-17 10:48:04');
INSERT INTO `t_goods` VALUES (452, 3, '凑数443', '凑数443', '个', 9933.6, 10254.4, 152, 34, '', 0, '2022-11-17 10:48:04', '2022-11-17 10:48:04');
INSERT INTO `t_goods` VALUES (453, 1, '凑数444', '凑数444', '个', 2598.6, 3310.6, 136, 45, '', 0, '2022-11-17 10:48:04', '2022-11-17 10:48:04');
INSERT INTO `t_goods` VALUES (454, 2, '凑数445', '凑数445', '个', 7147.5, 8179.4, 168, 54, '', 0, '2022-11-17 10:48:04', '2022-11-17 10:48:04');
INSERT INTO `t_goods` VALUES (455, 2, '凑数446', '凑数446', '个', 9147.7, 9875.2, 171, 85, '', 0, '2022-11-17 10:48:04', '2022-11-17 10:48:04');
INSERT INTO `t_goods` VALUES (456, 8, '凑数447', '凑数447', '个', 3939.9, 5117.9, 168, 110, '', 0, '2022-11-17 10:48:04', '2022-11-17 10:48:04');
INSERT INTO `t_goods` VALUES (457, 6, '凑数448', '凑数448', '个', 6466.0, 7067.8, 166, 20, '', 0, '2022-11-17 10:48:04', '2022-11-17 10:48:04');
INSERT INTO `t_goods` VALUES (458, 6, '凑数449', '凑数449', '个', 7935.3, 8173.2, 100, 29, '', 0, '2022-11-17 10:48:04', '2022-11-17 10:48:04');
INSERT INTO `t_goods` VALUES (459, 3, '凑数450', '凑数450', '个', 11268.1, 11779.2, 146, 21, '', 0, '2022-11-17 10:48:04', '2022-11-17 10:48:04');
INSERT INTO `t_goods` VALUES (460, 7, '凑数451', '凑数451', '个', 10224.7, 10985.3, 188, 106, '', 0, '2022-11-17 10:48:04', '2022-11-17 10:48:04');
INSERT INTO `t_goods` VALUES (461, 4, '凑数452', '凑数452', '个', 11208.4, 11732.7, 161, 84, '', 0, '2022-11-17 10:48:04', '2022-11-17 10:48:04');
INSERT INTO `t_goods` VALUES (462, 3, '凑数453', '凑数453', '个', 5785.3, 6106.7, 157, 28, '', 0, '2022-11-17 10:48:04', '2022-11-17 10:48:04');
INSERT INTO `t_goods` VALUES (463, 6, '凑数454', '凑数454', '个', 7707.5, 8187.0, 133, 69, '', 0, '2022-11-17 10:48:04', '2022-11-17 10:48:04');
INSERT INTO `t_goods` VALUES (464, 2, '凑数455', '凑数455', '个', 10745.6, 11618.9, 171, 115, '', 0, '2022-11-17 10:48:04', '2022-11-17 10:48:04');
INSERT INTO `t_goods` VALUES (465, 4, '凑数456', '凑数456', '个', 4872.5, 5306.1, 192, 45, '', 0, '2022-11-17 10:48:04', '2022-11-17 10:48:04');
INSERT INTO `t_goods` VALUES (466, 2, '凑数457', '凑数457', '个', 3710.7, 4853.9, 190, 113, '', 0, '2022-11-17 10:48:04', '2022-11-17 10:48:04');
INSERT INTO `t_goods` VALUES (467, 5, '凑数458', '凑数458', '个', 7298.6, 7892.4, 176, 103, '', 0, '2022-11-17 10:48:04', '2022-11-17 10:48:04');
INSERT INTO `t_goods` VALUES (468, 1, '凑数459', '凑数459', '个', 11783.2, 12616.2, 93, 40, '', 0, '2022-11-17 10:48:04', '2022-11-17 10:48:04');
INSERT INTO `t_goods` VALUES (469, 3, '凑数460', '凑数460', '个', 4648.4, 5845.1, 191, 43, '', 0, '2022-11-17 10:48:04', '2022-11-17 10:48:04');
INSERT INTO `t_goods` VALUES (470, 3, '凑数461', '凑数461', '个', 11052.3, 11629.1, 149, 79, '', 0, '2022-11-17 10:48:04', '2022-11-17 10:48:04');
INSERT INTO `t_goods` VALUES (471, 8, '凑数462', '凑数462', '个', 10589.6, 11331.7, 232, 90, '', 0, '2022-11-17 10:48:04', '2022-11-17 10:48:04');
INSERT INTO `t_goods` VALUES (472, 8, '凑数463', '凑数463', '个', 11900.5, 12217.6, 167, 38, '', 0, '2022-11-17 10:48:04', '2022-11-17 10:48:04');
INSERT INTO `t_goods` VALUES (473, 4, '凑数464', '凑数464', '个', 8009.0, 9127.4, 183, 83, '', 0, '2022-11-17 10:48:04', '2022-11-17 10:48:04');
INSERT INTO `t_goods` VALUES (474, 8, '凑数465', '凑数465', '个', 9492.0, 9810.1, 162, 44, '', 0, '2022-11-17 10:48:04', '2022-11-17 10:48:04');
INSERT INTO `t_goods` VALUES (475, 7, '凑数466', '凑数466', '个', 2518.0, 3680.3, 97, 42, '', 0, '2022-11-17 10:48:04', '2022-11-17 10:48:04');
INSERT INTO `t_goods` VALUES (476, 7, '凑数467', '凑数467', '个', 5451.8, 6380.1, 224, 79, '', 0, '2022-11-17 10:48:04', '2022-11-17 10:48:04');
INSERT INTO `t_goods` VALUES (477, 1, '凑数468', '凑数468', '个', 7579.8, 8181.5, 251, 114, '', 0, '2022-11-17 10:48:04', '2022-11-17 10:48:04');
INSERT INTO `t_goods` VALUES (478, 8, '凑数469', '凑数469', '个', 3361.0, 4183.8, 98, 28, '', 0, '2022-11-17 10:48:04', '2022-11-17 10:48:04');
INSERT INTO `t_goods` VALUES (479, 3, '凑数470', '凑数470', '个', 3537.7, 3850.3, 148, 36, '', 0, '2022-11-17 10:48:04', '2022-11-17 10:48:04');
INSERT INTO `t_goods` VALUES (480, 1, '凑数471', '凑数471', '个', 9397.0, 10248.0, 168, 105, '', 0, '2022-11-17 10:48:04', '2022-11-17 10:48:04');
INSERT INTO `t_goods` VALUES (481, 4, '凑数472', '凑数472', '个', 8985.2, 9947.6, 137, 30, '', 0, '2022-11-17 10:48:04', '2022-11-17 10:48:04');
INSERT INTO `t_goods` VALUES (482, 8, '凑数473', '凑数473', '个', 7697.9, 8314.4, 102, 33, '', 0, '2022-11-17 10:48:04', '2022-11-17 10:48:04');
INSERT INTO `t_goods` VALUES (483, 5, '凑数474', '凑数474', '个', 9007.4, 9235.7, 207, 113, '', 0, '2022-11-17 10:48:04', '2022-11-17 10:48:04');
INSERT INTO `t_goods` VALUES (484, 3, '凑数475', '凑数475', '个', 3342.7, 4007.5, 147, 54, '', 0, '2022-11-17 10:48:04', '2022-11-17 10:48:04');
INSERT INTO `t_goods` VALUES (485, 4, '凑数476', '凑数476', '个', 9720.8, 10670.3, 155, 76, '', 0, '2022-11-17 10:48:04', '2022-11-17 10:48:04');
INSERT INTO `t_goods` VALUES (486, 8, '凑数477', '凑数477', '个', 3959.2, 4705.6, 161, 31, '', 0, '2022-11-17 10:48:04', '2022-11-17 10:48:04');
INSERT INTO `t_goods` VALUES (487, 1, '凑数478', '凑数478', '个', 5648.4, 6655.4, 211, 62, '', 0, '2022-11-17 10:48:04', '2022-11-17 10:48:04');
INSERT INTO `t_goods` VALUES (488, 7, '凑数479', '凑数479', '个', 7357.4, 8026.2, 199, 90, '', 0, '2022-11-17 10:48:04', '2022-11-17 10:48:04');
INSERT INTO `t_goods` VALUES (489, 4, '凑数480', '凑数480', '个', 7631.5, 8135.3, 81, 23, '', 0, '2022-11-17 10:48:04', '2022-11-17 10:48:04');
INSERT INTO `t_goods` VALUES (490, 2, '凑数481', '凑数481', '个', 6652.2, 7076.3, 161, 30, '', 0, '2022-11-17 10:48:04', '2022-11-17 10:48:04');
INSERT INTO `t_goods` VALUES (491, 6, '凑数482', '凑数482', '个', 5560.7, 6414.9, 108, 56, '', 0, '2022-11-17 10:48:04', '2022-11-17 10:48:04');
INSERT INTO `t_goods` VALUES (492, 2, '凑数483', '凑数483', '个', 3587.9, 4271.3, 145, 92, '', 0, '2022-11-17 10:48:04', '2022-11-17 10:48:04');
INSERT INTO `t_goods` VALUES (493, 7, '凑数484', '凑数484', '个', 8933.5, 10109.0, 149, 58, '', 0, '2022-11-17 10:48:04', '2022-11-17 10:48:04');
INSERT INTO `t_goods` VALUES (494, 3, '凑数485', '凑数485', '个', 3080.6, 3689.9, 125, 52, '', 0, '2022-11-17 10:48:04', '2022-11-17 10:48:04');
INSERT INTO `t_goods` VALUES (495, 4, '凑数486', '凑数486', '个', 11019.0, 11983.2, 200, 103, '', 0, '2022-11-17 10:48:04', '2022-11-17 10:48:04');
INSERT INTO `t_goods` VALUES (496, 7, '凑数487', '凑数487', '个', 2375.1, 3378.7, 201, 99, '', 0, '2022-11-17 10:48:04', '2022-11-17 10:48:04');
INSERT INTO `t_goods` VALUES (497, 7, '凑数488', '凑数488', '个', 3646.5, 4491.3, 152, 48, '', 0, '2022-11-17 10:48:04', '2022-11-17 10:48:04');
INSERT INTO `t_goods` VALUES (498, 4, '凑数489', '凑数489', '个', 9495.3, 10473.0, 141, 34, '', 0, '2022-11-17 10:48:04', '2022-11-17 10:48:04');
INSERT INTO `t_goods` VALUES (499, 3, '凑数490', '凑数490', '个', 7415.5, 8115.3, 231, 118, '', 0, '2022-11-17 10:48:04', '2022-11-17 10:48:04');
INSERT INTO `t_goods` VALUES (500, 7, '凑数491', '凑数491', '个', 8499.9, 8877.5, 139, 56, '', 0, '2022-11-17 10:48:04', '2022-11-17 10:48:04');
INSERT INTO `t_goods` VALUES (501, 11, '测试', '测试', '个', 123.1, 1312.2, 3123123, 11211, '添加测试', 0, '2022-11-28 22:29:20', '2022-11-28 22:29:20');

-- ----------------------------
-- Table structure for t_goods_type
-- ----------------------------
DROP TABLE IF EXISTS `t_goods_type`;
CREATE TABLE `t_goods_type`  (
  `goods_type_id` int(0) NOT NULL AUTO_INCREMENT COMMENT '货品类别编号',
  `goods_type_name` char(16) CHARACTER SET utf8mb4 COLLATE utf8mb4_0900_ai_ci NOT NULL DEFAULT '' COMMENT '货品类别名称',
  `is_deleted` tinyint(1) NOT NULL DEFAULT 0 COMMENT '是否删除',
  `create_time` datetime(0) NOT NULL DEFAULT CURRENT_TIMESTAMP(0) COMMENT '创建时间',
  `update_time` datetime(0) NOT NULL DEFAULT CURRENT_TIMESTAMP(0) ON UPDATE CURRENT_TIMESTAMP(0) COMMENT '更新时间',
  PRIMARY KEY (`goods_type_id`) USING BTREE
) ENGINE = InnoDB AUTO_INCREMENT = 12 CHARACTER SET = utf8mb4 COLLATE = utf8mb4_0900_ai_ci ROW_FORMAT = Dynamic;

-- ----------------------------
-- Records of t_goods_type
-- ----------------------------
INSERT INTO `t_goods_type` VALUES (1, '显卡', 0, '2022-10-02 10:28:59', '2022-10-02 10:43:08');
INSERT INTO `t_goods_type` VALUES (2, 'CPU', 0, '2022-10-02 10:29:06', '2022-10-02 10:43:17');
INSERT INTO `t_goods_type` VALUES (3, '主板', 0, '2022-10-02 10:29:13', '2022-10-02 10:43:33');
INSERT INTO `t_goods_type` VALUES (4, '内存', 0, '2022-10-02 10:42:24', '2022-10-02 10:43:38');
INSERT INTO `t_goods_type` VALUES (5, '电源', 0, '2022-10-02 10:43:49', '2022-10-02 10:43:49');
INSERT INTO `t_goods_type` VALUES (6, '显示器', 0, '2022-10-02 10:43:58', '2022-10-02 10:43:58');
INSERT INTO `t_goods_type` VALUES (7, '机箱', 0, '2022-10-02 10:44:04', '2022-10-02 10:44:04');
INSERT INTO `t_goods_type` VALUES (8, '硬盘', 0, '2022-11-19 11:27:30', '2022-11-19 11:27:30');
INSERT INTO `t_goods_type` VALUES (9, '网卡', 0, '2022-11-24 10:19:15', '2022-11-24 10:19:15');
INSERT INTO `t_goods_type` VALUES (10, '声卡', 0, '2022-11-24 10:19:52', '2022-11-24 10:19:52');
INSERT INTO `t_goods_type` VALUES (11, '测试类别', 0, '2022-11-28 22:14:30', '2022-11-28 22:14:30');
INSERT INTO `t_goods_type` VALUES (12, '手柄', 0, '2022-12-07 13:53:17', '2022-12-07 13:53:17');

-- ----------------------------
-- Table structure for t_inventory
-- ----------------------------
DROP TABLE IF EXISTS `t_inventory`;
CREATE TABLE `t_inventory`  (
  `whs_id` int(0) NOT NULL DEFAULT 0 COMMENT '仓库编号',
  `goods_id` int(0) NOT NULL DEFAULT 0 COMMENT '货品编号',
  `goods_qty` int(0) NOT NULL DEFAULT 0 COMMENT '货品库存量',
  `is_deleted` tinyint(1) NOT NULL DEFAULT 0 COMMENT '是否删除',
  `create_time` datetime(0) NOT NULL DEFAULT CURRENT_TIMESTAMP(0) COMMENT '创建时间',
  `update_time` datetime(0) NOT NULL DEFAULT CURRENT_TIMESTAMP(0) ON UPDATE CURRENT_TIMESTAMP(0) COMMENT '更新时间',
  PRIMARY KEY (`whs_id`, `goods_id`) USING BTREE
) ENGINE = InnoDB CHARACTER SET = utf8mb4 COLLATE = utf8mb4_0900_ai_ci ROW_FORMAT = Dynamic;

-- ----------------------------
-- Records of t_inventory
-- ----------------------------
INSERT INTO `t_inventory` VALUES (1, 1, 33, 0, '2022-12-05 12:17:16', '2022-12-07 14:00:19');
INSERT INTO `t_inventory` VALUES (1, 2, 117, 0, '2022-11-19 11:41:30', '2022-12-18 14:07:12');
INSERT INTO `t_inventory` VALUES (1, 3, 43, 0, '2022-12-05 12:17:16', '2022-12-07 14:00:19');
INSERT INTO `t_inventory` VALUES (1, 4, 84, 0, '2022-11-19 11:41:30', '2022-12-07 13:55:27');
INSERT INTO `t_inventory` VALUES (1, 5, 103, 0, '2022-11-19 11:41:30', '2022-11-19 11:41:30');
INSERT INTO `t_inventory` VALUES (1, 6, 117, 0, '2022-11-19 11:41:30', '2022-11-19 11:41:30');
INSERT INTO `t_inventory` VALUES (1, 7, 18, 0, '2022-12-05 20:07:38', '2022-12-06 00:22:48');
INSERT INTO `t_inventory` VALUES (1, 8, 183, 0, '2022-11-19 11:42:53', '2022-12-07 13:55:27');
INSERT INTO `t_inventory` VALUES (1, 10, 59, 0, '2022-11-19 11:41:30', '2022-12-06 14:36:29');
INSERT INTO `t_inventory` VALUES (1, 12, 130, 0, '2022-11-19 11:41:30', '2022-11-19 11:41:30');
INSERT INTO `t_inventory` VALUES (1, 13, 14, 0, '2022-11-19 11:41:30', '2022-11-19 11:41:30');
INSERT INTO `t_inventory` VALUES (1, 14, 133, 0, '2022-11-19 11:42:53', '2022-11-19 11:42:53');
INSERT INTO `t_inventory` VALUES (1, 17, 3, 0, '2022-12-05 20:04:56', '2022-12-05 20:04:56');
INSERT INTO `t_inventory` VALUES (1, 19, 132, 0, '2022-11-19 11:42:53', '2022-11-19 11:42:53');
INSERT INTO `t_inventory` VALUES (1, 22, 117, 0, '2022-11-19 11:41:30', '2022-12-05 20:04:56');
INSERT INTO `t_inventory` VALUES (1, 23, 27, 0, '2022-11-19 11:41:30', '2022-12-05 20:04:56');
INSERT INTO `t_inventory` VALUES (1, 24, 33, 0, '2022-11-19 11:41:30', '2022-11-19 11:41:30');
INSERT INTO `t_inventory` VALUES (1, 25, 122, 0, '2022-11-19 11:41:30', '2022-11-19 11:41:30');
INSERT INTO `t_inventory` VALUES (1, 26, 122, 0, '2022-11-19 11:42:53', '2022-11-19 11:42:53');
INSERT INTO `t_inventory` VALUES (1, 27, 141, 0, '2022-11-19 11:42:53', '2022-11-19 11:42:53');
INSERT INTO `t_inventory` VALUES (1, 28, 29, 0, '2022-11-19 11:41:30', '2022-11-19 11:41:30');
INSERT INTO `t_inventory` VALUES (1, 29, 8, 0, '2022-11-19 11:41:30', '2022-11-19 11:41:30');
INSERT INTO `t_inventory` VALUES (1, 30, 129, 0, '2022-11-19 11:41:30', '2022-11-19 11:41:30');
INSERT INTO `t_inventory` VALUES (1, 31, 44, 0, '2022-11-19 11:41:30', '2022-11-19 11:41:30');
INSERT INTO `t_inventory` VALUES (1, 32, 27, 0, '2022-11-19 11:41:30', '2022-11-19 11:41:30');
INSERT INTO `t_inventory` VALUES (1, 36, 42, 0, '2022-11-19 11:41:30', '2022-11-19 11:41:30');
INSERT INTO `t_inventory` VALUES (1, 37, 137, 0, '2022-11-19 11:41:30', '2022-11-19 11:41:30');
INSERT INTO `t_inventory` VALUES (1, 39, 136, 0, '2022-11-19 11:42:53', '2022-11-19 11:42:53');
INSERT INTO `t_inventory` VALUES (1, 40, 100, 0, '2022-11-19 11:42:53', '2022-11-19 11:42:53');
INSERT INTO `t_inventory` VALUES (1, 41, 45, 0, '2022-11-19 11:42:53', '2022-11-19 11:42:53');
INSERT INTO `t_inventory` VALUES (1, 42, 111, 0, '2022-11-19 11:41:30', '2022-11-19 11:41:30');
INSERT INTO `t_inventory` VALUES (1, 43, 130, 0, '2022-11-19 11:41:30', '2022-11-19 11:41:30');
INSERT INTO `t_inventory` VALUES (1, 44, 34, 0, '2022-11-19 11:41:30', '2022-11-19 11:41:30');
INSERT INTO `t_inventory` VALUES (1, 47, 16, 0, '2022-11-19 11:41:30', '2022-11-19 11:41:30');
INSERT INTO `t_inventory` VALUES (1, 48, 26, 0, '2022-11-19 11:41:30', '2022-11-19 11:41:30');
INSERT INTO `t_inventory` VALUES (1, 49, 10, 0, '2022-11-19 11:41:30', '2022-11-19 11:41:30');
INSERT INTO `t_inventory` VALUES (1, 52, 125, 0, '2022-11-19 11:41:30', '2022-11-19 11:41:30');
INSERT INTO `t_inventory` VALUES (1, 53, 36, 0, '2022-11-19 11:42:53', '2022-11-19 11:42:53');
INSERT INTO `t_inventory` VALUES (1, 54, 29, 0, '2022-11-19 11:42:53', '2022-11-19 11:42:53');
INSERT INTO `t_inventory` VALUES (1, 55, 51, 0, '2022-11-19 11:42:53', '2022-11-19 11:42:53');
INSERT INTO `t_inventory` VALUES (1, 57, 129, 0, '2022-11-19 11:42:53', '2022-11-19 11:42:53');
INSERT INTO `t_inventory` VALUES (1, 59, 1, 0, '2022-11-19 11:41:30', '2022-11-19 11:41:30');
INSERT INTO `t_inventory` VALUES (1, 60, 43, 0, '2022-11-19 11:42:53', '2022-11-19 11:42:53');
INSERT INTO `t_inventory` VALUES (1, 61, 12, 0, '2022-11-19 11:41:30', '2022-11-19 11:41:30');
INSERT INTO `t_inventory` VALUES (1, 62, 8, 0, '2022-11-19 11:41:30', '2022-11-19 11:41:30');
INSERT INTO `t_inventory` VALUES (1, 64, 147, 0, '2022-11-19 11:41:30', '2022-11-19 11:41:30');
INSERT INTO `t_inventory` VALUES (1, 65, 49, 0, '2022-11-19 11:42:53', '2022-11-19 11:42:53');
INSERT INTO `t_inventory` VALUES (1, 66, 65, 0, '2022-11-19 11:41:30', '2022-11-19 11:41:30');
INSERT INTO `t_inventory` VALUES (1, 67, 72, 0, '2022-11-19 11:41:30', '2022-11-19 11:41:30');
INSERT INTO `t_inventory` VALUES (1, 68, 42, 0, '2022-11-19 11:42:53', '2022-11-19 11:42:53');
INSERT INTO `t_inventory` VALUES (1, 69, 21, 0, '2022-11-19 11:41:30', '2022-11-19 11:41:30');
INSERT INTO `t_inventory` VALUES (1, 70, 53, 0, '2022-11-19 11:41:30', '2022-11-19 11:41:30');
INSERT INTO `t_inventory` VALUES (1, 71, 86, 0, '2022-11-19 11:42:53', '2022-11-19 11:42:53');
INSERT INTO `t_inventory` VALUES (1, 72, 23, 0, '2022-11-19 11:42:53', '2022-11-19 11:42:53');
INSERT INTO `t_inventory` VALUES (1, 73, 13, 0, '2022-11-19 11:41:30', '2022-11-19 11:41:30');
INSERT INTO `t_inventory` VALUES (1, 75, 22, 0, '2022-11-19 11:41:30', '2022-11-19 11:41:30');
INSERT INTO `t_inventory` VALUES (1, 77, 4, 0, '2022-11-19 11:41:30', '2022-11-19 11:41:30');
INSERT INTO `t_inventory` VALUES (1, 79, 106, 0, '2022-11-19 11:41:30', '2022-11-19 11:41:30');
INSERT INTO `t_inventory` VALUES (1, 84, 27, 0, '2022-11-19 11:41:30', '2022-11-19 11:41:30');
INSERT INTO `t_inventory` VALUES (1, 85, 119, 0, '2022-11-19 11:42:53', '2022-11-19 11:42:53');
INSERT INTO `t_inventory` VALUES (1, 87, 56, 0, '2022-11-19 11:41:30', '2022-11-19 11:41:30');
INSERT INTO `t_inventory` VALUES (1, 89, 72, 0, '2022-11-19 11:41:30', '2022-11-19 11:41:30');
INSERT INTO `t_inventory` VALUES (1, 90, 99, 0, '2022-11-19 11:41:30', '2022-11-19 11:41:30');
INSERT INTO `t_inventory` VALUES (1, 91, 99, 0, '2022-11-19 11:41:30', '2022-11-19 11:41:30');
INSERT INTO `t_inventory` VALUES (1, 92, 24, 0, '2022-11-19 11:41:30', '2022-11-19 11:41:30');
INSERT INTO `t_inventory` VALUES (1, 93, 33, 0, '2022-11-19 11:42:53', '2022-11-19 11:42:53');
INSERT INTO `t_inventory` VALUES (1, 94, 66, 0, '2022-11-19 11:41:30', '2022-11-19 11:41:30');
INSERT INTO `t_inventory` VALUES (1, 96, 37, 0, '2022-11-19 11:41:30', '2022-11-19 11:41:30');
INSERT INTO `t_inventory` VALUES (1, 97, 93, 0, '2022-11-19 11:42:53', '2022-11-19 11:42:53');
INSERT INTO `t_inventory` VALUES (1, 98, 109, 0, '2022-11-19 11:42:53', '2022-11-19 11:42:53');
INSERT INTO `t_inventory` VALUES (1, 99, 65, 0, '2022-11-19 11:42:53', '2022-11-19 11:42:53');
INSERT INTO `t_inventory` VALUES (1, 100, 65, 0, '2022-11-19 11:42:53', '2022-11-19 11:42:53');
INSERT INTO `t_inventory` VALUES (1, 101, 70, 0, '2022-11-19 11:41:30', '2022-11-19 11:41:30');
INSERT INTO `t_inventory` VALUES (1, 102, 91, 0, '2022-11-19 11:41:30', '2022-11-19 11:41:30');
INSERT INTO `t_inventory` VALUES (1, 104, 4, 0, '2022-11-19 11:42:53', '2022-11-19 11:42:53');
INSERT INTO `t_inventory` VALUES (1, 105, 124, 0, '2022-11-19 11:41:30', '2022-11-19 11:41:30');
INSERT INTO `t_inventory` VALUES (1, 108, 86, 0, '2022-11-19 11:41:30', '2022-11-19 11:41:30');
INSERT INTO `t_inventory` VALUES (1, 109, 68, 0, '2022-11-19 11:41:30', '2022-11-19 11:41:30');
INSERT INTO `t_inventory` VALUES (1, 110, 83, 0, '2022-11-19 11:41:30', '2022-11-19 11:41:30');
INSERT INTO `t_inventory` VALUES (1, 111, 118, 0, '2022-11-19 11:42:53', '2022-11-19 11:42:53');
INSERT INTO `t_inventory` VALUES (1, 112, 16, 0, '2022-11-19 11:42:53', '2022-11-19 11:42:53');
INSERT INTO `t_inventory` VALUES (1, 113, 83, 0, '2022-11-19 11:41:30', '2022-11-19 11:41:30');
INSERT INTO `t_inventory` VALUES (1, 116, 7, 0, '2022-11-19 11:41:30', '2022-11-19 11:41:30');
INSERT INTO `t_inventory` VALUES (1, 117, 64, 0, '2022-11-19 11:41:30', '2022-11-19 11:41:30');
INSERT INTO `t_inventory` VALUES (1, 118, 124, 0, '2022-11-19 11:41:30', '2022-11-19 11:41:30');
INSERT INTO `t_inventory` VALUES (1, 119, 24, 0, '2022-11-19 11:41:30', '2022-11-19 11:41:30');
INSERT INTO `t_inventory` VALUES (1, 120, 17, 0, '2022-11-19 11:41:30', '2022-11-19 11:41:30');
INSERT INTO `t_inventory` VALUES (1, 121, 4, 0, '2022-11-19 11:41:30', '2022-11-19 11:41:30');
INSERT INTO `t_inventory` VALUES (1, 122, 18, 0, '2022-11-19 11:41:30', '2022-11-19 11:41:30');
INSERT INTO `t_inventory` VALUES (1, 124, 131, 0, '2022-11-19 11:41:30', '2022-11-19 11:41:30');
INSERT INTO `t_inventory` VALUES (1, 126, 126, 0, '2022-11-19 11:42:53', '2022-11-19 11:42:53');
INSERT INTO `t_inventory` VALUES (1, 127, 20, 0, '2022-11-19 11:41:30', '2022-11-19 11:41:30');
INSERT INTO `t_inventory` VALUES (1, 129, 91, 0, '2022-11-19 11:41:30', '2022-11-19 11:41:30');
INSERT INTO `t_inventory` VALUES (1, 131, 7, 0, '2022-11-19 11:42:53', '2022-11-19 11:42:53');
INSERT INTO `t_inventory` VALUES (1, 135, 40, 0, '2022-11-19 11:41:30', '2022-11-19 11:41:30');
INSERT INTO `t_inventory` VALUES (1, 137, 121, 0, '2022-11-19 11:42:53', '2022-11-19 11:42:53');
INSERT INTO `t_inventory` VALUES (1, 139, 3, 0, '2022-11-19 11:41:30', '2022-11-19 11:41:30');
INSERT INTO `t_inventory` VALUES (1, 142, 59, 0, '2022-11-19 11:42:53', '2022-11-19 11:42:53');
INSERT INTO `t_inventory` VALUES (1, 145, 65, 0, '2022-11-19 11:41:30', '2022-11-19 11:41:30');
INSERT INTO `t_inventory` VALUES (1, 146, 133, 0, '2022-11-19 11:41:30', '2022-11-19 11:41:30');
INSERT INTO `t_inventory` VALUES (1, 147, 55, 0, '2022-11-19 11:41:30', '2022-11-19 11:41:30');
INSERT INTO `t_inventory` VALUES (1, 148, 123, 0, '2022-11-19 11:42:53', '2022-11-19 11:42:53');
INSERT INTO `t_inventory` VALUES (1, 149, 117, 0, '2022-11-19 11:41:30', '2022-11-19 11:41:30');
INSERT INTO `t_inventory` VALUES (1, 151, 28, 0, '2022-11-19 11:42:53', '2022-11-19 11:42:53');
INSERT INTO `t_inventory` VALUES (1, 152, 20, 0, '2022-11-19 11:41:30', '2022-11-19 11:41:30');
INSERT INTO `t_inventory` VALUES (1, 156, 80, 0, '2022-11-19 11:42:53', '2022-11-19 11:42:53');
INSERT INTO `t_inventory` VALUES (1, 157, 125, 0, '2022-11-19 11:42:53', '2022-11-19 11:42:53');
INSERT INTO `t_inventory` VALUES (1, 158, 137, 0, '2022-11-19 11:41:30', '2022-11-19 11:41:30');
INSERT INTO `t_inventory` VALUES (1, 160, 146, 0, '2022-11-19 11:41:30', '2022-11-19 11:41:30');
INSERT INTO `t_inventory` VALUES (1, 161, 33, 0, '2022-11-19 11:41:30', '2022-11-19 11:41:30');
INSERT INTO `t_inventory` VALUES (1, 164, 75, 0, '2022-11-19 11:41:30', '2022-11-19 11:41:30');
INSERT INTO `t_inventory` VALUES (1, 165, 77, 0, '2022-11-19 11:42:53', '2022-11-19 11:42:53');
INSERT INTO `t_inventory` VALUES (1, 168, 93, 0, '2022-11-19 11:41:30', '2022-11-19 11:41:30');
INSERT INTO `t_inventory` VALUES (1, 169, 20, 0, '2022-11-19 11:41:30', '2022-11-19 11:41:30');
INSERT INTO `t_inventory` VALUES (1, 170, 59, 0, '2022-11-19 11:41:30', '2022-11-19 11:41:30');
INSERT INTO `t_inventory` VALUES (1, 172, 16, 0, '2022-11-19 11:42:53', '2022-11-19 11:42:53');
INSERT INTO `t_inventory` VALUES (1, 173, 149, 0, '2022-11-19 11:41:30', '2022-11-19 11:41:30');
INSERT INTO `t_inventory` VALUES (1, 174, 48, 0, '2022-11-19 11:42:53', '2022-11-19 11:42:53');
INSERT INTO `t_inventory` VALUES (1, 175, 51, 0, '2022-11-19 11:41:30', '2022-11-19 11:41:30');
INSERT INTO `t_inventory` VALUES (1, 176, 53, 0, '2022-11-19 11:41:30', '2022-11-19 11:41:30');
INSERT INTO `t_inventory` VALUES (1, 177, 54, 0, '2022-11-19 11:42:53', '2022-11-19 11:42:53');
INSERT INTO `t_inventory` VALUES (1, 178, 66, 0, '2022-11-19 11:42:53', '2022-11-19 11:42:53');
INSERT INTO `t_inventory` VALUES (1, 181, 90, 0, '2022-11-19 11:41:30', '2022-11-19 11:41:30');
INSERT INTO `t_inventory` VALUES (1, 182, 104, 0, '2022-11-19 11:41:30', '2022-11-19 11:41:30');
INSERT INTO `t_inventory` VALUES (1, 183, 115, 0, '2022-11-19 11:42:53', '2022-11-19 11:42:53');
INSERT INTO `t_inventory` VALUES (1, 184, 90, 0, '2022-11-19 11:41:30', '2022-11-19 11:41:30');
INSERT INTO `t_inventory` VALUES (1, 185, 17, 0, '2022-11-19 11:41:30', '2022-11-19 11:41:30');
INSERT INTO `t_inventory` VALUES (1, 186, 109, 0, '2022-11-19 11:42:53', '2022-11-19 11:42:53');
INSERT INTO `t_inventory` VALUES (1, 187, 80, 0, '2022-11-19 11:42:53', '2022-11-19 11:42:53');
INSERT INTO `t_inventory` VALUES (1, 188, 97, 0, '2022-11-19 11:41:30', '2022-11-19 11:41:30');
INSERT INTO `t_inventory` VALUES (1, 190, 102, 0, '2022-11-19 11:41:30', '2022-11-19 11:41:30');
INSERT INTO `t_inventory` VALUES (1, 192, 39, 0, '2022-11-19 11:41:30', '2022-11-19 11:41:30');
INSERT INTO `t_inventory` VALUES (1, 193, 106, 0, '2022-11-19 11:42:53', '2022-11-19 11:42:53');
INSERT INTO `t_inventory` VALUES (1, 194, 136, 0, '2022-11-19 11:41:30', '2022-11-19 11:41:30');
INSERT INTO `t_inventory` VALUES (1, 197, 61, 0, '2022-11-19 11:41:30', '2022-11-19 11:41:30');
INSERT INTO `t_inventory` VALUES (1, 200, 59, 0, '2022-11-19 11:41:30', '2022-11-19 11:41:30');
INSERT INTO `t_inventory` VALUES (1, 201, 69, 0, '2022-11-19 11:42:53', '2022-11-19 11:42:53');
INSERT INTO `t_inventory` VALUES (1, 202, 48, 0, '2022-11-19 11:42:53', '2022-11-19 11:42:53');
INSERT INTO `t_inventory` VALUES (1, 205, 82, 0, '2022-11-19 11:41:30', '2022-11-19 11:41:30');
INSERT INTO `t_inventory` VALUES (1, 208, 123, 0, '2022-11-19 11:41:30', '2022-11-19 11:41:30');
INSERT INTO `t_inventory` VALUES (1, 210, 131, 0, '2022-11-19 11:41:30', '2022-11-19 11:41:30');
INSERT INTO `t_inventory` VALUES (1, 211, 4, 0, '2022-11-19 11:42:53', '2022-11-19 11:42:53');
INSERT INTO `t_inventory` VALUES (1, 212, 131, 0, '2022-11-19 11:41:30', '2022-11-19 11:41:30');
INSERT INTO `t_inventory` VALUES (1, 214, 92, 0, '2022-11-19 11:41:30', '2022-11-19 11:41:30');
INSERT INTO `t_inventory` VALUES (1, 215, 17, 0, '2022-11-19 11:41:30', '2022-11-19 11:41:30');
INSERT INTO `t_inventory` VALUES (1, 217, 65, 0, '2022-11-19 11:41:30', '2022-11-19 11:41:30');
INSERT INTO `t_inventory` VALUES (1, 218, 20, 0, '2022-11-19 11:41:30', '2022-11-19 11:41:30');
INSERT INTO `t_inventory` VALUES (1, 220, 132, 0, '2022-11-19 11:42:53', '2022-11-19 11:42:53');
INSERT INTO `t_inventory` VALUES (1, 222, 95, 0, '2022-11-19 11:42:53', '2022-11-19 11:42:53');
INSERT INTO `t_inventory` VALUES (1, 223, 121, 0, '2022-11-19 11:41:30', '2022-11-19 11:41:30');
INSERT INTO `t_inventory` VALUES (1, 225, 29, 0, '2022-11-19 11:41:30', '2022-11-19 11:41:30');
INSERT INTO `t_inventory` VALUES (1, 227, 103, 0, '2022-11-19 11:41:30', '2022-11-19 11:41:30');
INSERT INTO `t_inventory` VALUES (1, 228, 131, 0, '2022-11-19 11:41:30', '2022-11-19 11:41:30');
INSERT INTO `t_inventory` VALUES (1, 233, 98, 0, '2022-11-19 11:41:30', '2022-11-19 11:41:30');
INSERT INTO `t_inventory` VALUES (1, 234, 100, 0, '2022-11-19 11:42:53', '2022-11-19 11:42:53');
INSERT INTO `t_inventory` VALUES (1, 236, 11, 0, '2022-11-19 11:42:53', '2022-11-19 11:42:53');
INSERT INTO `t_inventory` VALUES (1, 241, 117, 0, '2022-11-19 11:41:30', '2022-11-19 11:41:30');
INSERT INTO `t_inventory` VALUES (1, 242, 33, 0, '2022-11-19 11:41:30', '2022-11-19 11:41:30');
INSERT INTO `t_inventory` VALUES (1, 243, 106, 0, '2022-11-19 11:42:53', '2022-11-19 11:42:53');
INSERT INTO `t_inventory` VALUES (1, 244, 119, 0, '2022-11-19 11:41:30', '2022-11-19 11:41:30');
INSERT INTO `t_inventory` VALUES (1, 246, 141, 0, '2022-11-19 11:42:53', '2022-11-19 11:42:53');
INSERT INTO `t_inventory` VALUES (1, 248, 60, 0, '2022-11-19 11:42:53', '2022-11-19 11:42:53');
INSERT INTO `t_inventory` VALUES (1, 249, 49, 0, '2022-11-19 11:41:30', '2022-11-19 11:41:30');
INSERT INTO `t_inventory` VALUES (1, 250, 124, 0, '2022-11-19 11:41:30', '2022-11-19 11:41:30');
INSERT INTO `t_inventory` VALUES (1, 251, 29, 0, '2022-11-19 11:41:30', '2022-11-19 11:41:30');
INSERT INTO `t_inventory` VALUES (1, 253, 71, 0, '2022-11-19 11:41:30', '2022-11-19 11:41:30');
INSERT INTO `t_inventory` VALUES (1, 254, 29, 0, '2022-11-19 11:41:30', '2022-11-19 11:41:30');
INSERT INTO `t_inventory` VALUES (1, 255, 136, 0, '2022-11-19 11:42:53', '2022-11-19 11:42:53');
INSERT INTO `t_inventory` VALUES (1, 256, 143, 0, '2022-11-19 11:41:30', '2022-11-19 11:41:30');
INSERT INTO `t_inventory` VALUES (1, 258, 60, 0, '2022-11-19 11:41:30', '2022-11-19 11:41:30');
INSERT INTO `t_inventory` VALUES (1, 259, 48, 0, '2022-11-19 11:41:30', '2022-11-19 11:41:30');
INSERT INTO `t_inventory` VALUES (1, 260, 66, 0, '2022-11-19 11:41:30', '2022-11-19 11:41:30');
INSERT INTO `t_inventory` VALUES (1, 261, 6, 0, '2022-11-19 11:41:30', '2022-11-19 11:41:30');
INSERT INTO `t_inventory` VALUES (1, 262, 52, 0, '2022-11-19 11:42:53', '2022-11-19 11:42:53');
INSERT INTO `t_inventory` VALUES (1, 263, 147, 0, '2022-11-19 11:42:53', '2022-11-19 11:42:53');
INSERT INTO `t_inventory` VALUES (1, 264, 48, 0, '2022-11-19 11:42:53', '2022-11-19 11:42:53');
INSERT INTO `t_inventory` VALUES (1, 265, 141, 0, '2022-11-19 11:41:30', '2022-11-19 11:41:30');
INSERT INTO `t_inventory` VALUES (1, 267, 31, 0, '2022-11-19 11:41:30', '2022-11-19 11:41:30');
INSERT INTO `t_inventory` VALUES (1, 268, 95, 0, '2022-11-19 11:42:53', '2022-11-19 11:42:53');
INSERT INTO `t_inventory` VALUES (1, 269, 44, 0, '2022-11-19 11:42:53', '2022-11-19 11:42:53');
INSERT INTO `t_inventory` VALUES (1, 270, 97, 0, '2022-11-19 11:41:30', '2022-11-19 11:41:30');
INSERT INTO `t_inventory` VALUES (1, 271, 46, 0, '2022-11-19 11:42:53', '2022-11-19 11:42:53');
INSERT INTO `t_inventory` VALUES (1, 272, 55, 0, '2022-11-19 11:41:30', '2022-11-19 11:41:30');
INSERT INTO `t_inventory` VALUES (1, 273, 59, 0, '2022-11-19 11:42:53', '2022-11-19 11:42:53');
INSERT INTO `t_inventory` VALUES (1, 275, 41, 0, '2022-11-19 11:42:53', '2022-11-19 11:42:53');
INSERT INTO `t_inventory` VALUES (1, 277, 71, 0, '2022-11-19 11:41:30', '2022-11-19 11:41:30');
INSERT INTO `t_inventory` VALUES (1, 280, 66, 0, '2022-11-19 11:41:30', '2022-11-19 11:41:30');
INSERT INTO `t_inventory` VALUES (1, 281, 24, 0, '2022-11-19 11:41:30', '2022-11-19 11:41:30');
INSERT INTO `t_inventory` VALUES (1, 282, 15, 0, '2022-11-19 11:41:30', '2022-11-19 11:41:30');
INSERT INTO `t_inventory` VALUES (1, 284, 87, 0, '2022-11-19 11:42:53', '2022-11-19 11:42:53');
INSERT INTO `t_inventory` VALUES (1, 285, 82, 0, '2022-11-19 11:41:30', '2022-11-19 11:41:30');
INSERT INTO `t_inventory` VALUES (1, 286, 127, 0, '2022-11-19 11:41:30', '2022-11-19 11:41:30');
INSERT INTO `t_inventory` VALUES (1, 287, 51, 0, '2022-11-19 11:41:30', '2022-11-19 11:41:30');
INSERT INTO `t_inventory` VALUES (1, 291, 98, 0, '2022-11-19 11:42:53', '2022-11-19 11:42:53');
INSERT INTO `t_inventory` VALUES (1, 292, 96, 0, '2022-11-19 11:42:53', '2022-11-19 11:42:53');
INSERT INTO `t_inventory` VALUES (1, 293, 46, 0, '2022-11-19 11:41:30', '2022-11-19 11:41:30');
INSERT INTO `t_inventory` VALUES (1, 294, 121, 0, '2022-11-19 11:42:53', '2022-11-19 11:42:53');
INSERT INTO `t_inventory` VALUES (1, 296, 46, 0, '2022-11-19 11:42:53', '2022-11-19 11:42:53');
INSERT INTO `t_inventory` VALUES (1, 298, 81, 0, '2022-11-19 11:42:53', '2022-11-19 11:42:53');
INSERT INTO `t_inventory` VALUES (1, 299, 137, 0, '2022-11-19 11:41:30', '2022-11-19 11:41:30');
INSERT INTO `t_inventory` VALUES (1, 300, 109, 0, '2022-11-19 11:41:30', '2022-11-19 11:41:30');
INSERT INTO `t_inventory` VALUES (1, 301, 118, 0, '2022-11-19 11:41:30', '2022-11-19 11:41:30');
INSERT INTO `t_inventory` VALUES (1, 304, 60, 0, '2022-11-19 11:42:53', '2022-11-19 11:42:53');
INSERT INTO `t_inventory` VALUES (1, 305, 125, 0, '2022-11-19 11:42:53', '2022-11-19 11:42:53');
INSERT INTO `t_inventory` VALUES (1, 307, 141, 0, '2022-11-19 11:42:53', '2022-11-19 11:42:53');
INSERT INTO `t_inventory` VALUES (1, 311, 70, 0, '2022-11-19 11:41:30', '2022-11-19 11:41:30');
INSERT INTO `t_inventory` VALUES (1, 312, 74, 0, '2022-11-19 11:41:30', '2022-11-19 11:41:30');
INSERT INTO `t_inventory` VALUES (1, 313, 88, 0, '2022-11-19 11:41:30', '2022-11-19 11:41:30');
INSERT INTO `t_inventory` VALUES (1, 314, 119, 0, '2022-11-19 11:41:30', '2022-11-19 11:41:30');
INSERT INTO `t_inventory` VALUES (1, 315, 82, 0, '2022-11-19 11:42:53', '2022-11-19 11:42:53');
INSERT INTO `t_inventory` VALUES (1, 318, 14, 0, '2022-11-19 11:41:30', '2022-11-19 11:41:30');
INSERT INTO `t_inventory` VALUES (1, 321, 101, 0, '2022-11-19 11:42:53', '2022-11-19 11:42:53');
INSERT INTO `t_inventory` VALUES (1, 324, 108, 0, '2022-11-19 11:42:53', '2022-11-19 11:42:53');
INSERT INTO `t_inventory` VALUES (1, 327, 126, 0, '2022-11-19 11:41:30', '2022-11-19 11:41:30');
INSERT INTO `t_inventory` VALUES (1, 328, 30, 0, '2022-11-19 11:42:53', '2022-11-19 11:42:53');
INSERT INTO `t_inventory` VALUES (1, 329, 104, 0, '2022-11-19 11:42:53', '2022-11-19 11:42:53');
INSERT INTO `t_inventory` VALUES (1, 333, 102, 0, '2022-11-19 11:42:53', '2022-11-19 11:42:53');
INSERT INTO `t_inventory` VALUES (1, 334, 35, 0, '2022-11-19 11:41:30', '2022-11-19 11:41:30');
INSERT INTO `t_inventory` VALUES (1, 335, 147, 0, '2022-11-19 11:41:30', '2022-11-19 11:41:30');
INSERT INTO `t_inventory` VALUES (1, 338, 126, 0, '2022-11-19 11:41:30', '2022-11-19 11:41:30');
INSERT INTO `t_inventory` VALUES (1, 339, 119, 0, '2022-11-19 11:42:53', '2022-11-19 11:42:53');
INSERT INTO `t_inventory` VALUES (1, 341, 107, 0, '2022-11-19 11:41:30', '2022-11-19 11:41:30');
INSERT INTO `t_inventory` VALUES (1, 342, 14, 0, '2022-11-19 11:41:30', '2022-11-19 11:41:30');
INSERT INTO `t_inventory` VALUES (1, 344, 129, 0, '2022-11-19 11:42:53', '2022-11-19 11:42:53');
INSERT INTO `t_inventory` VALUES (1, 345, 141, 0, '2022-11-19 11:42:53', '2022-11-19 11:42:53');
INSERT INTO `t_inventory` VALUES (1, 346, 123, 0, '2022-11-19 11:42:53', '2022-11-19 11:42:53');
INSERT INTO `t_inventory` VALUES (1, 348, 129, 0, '2022-11-19 11:41:30', '2022-11-19 11:41:30');
INSERT INTO `t_inventory` VALUES (1, 350, 71, 0, '2022-11-19 11:41:30', '2022-11-19 11:41:30');
INSERT INTO `t_inventory` VALUES (1, 351, 143, 0, '2022-11-19 11:41:30', '2022-11-19 11:41:30');
INSERT INTO `t_inventory` VALUES (1, 352, 3, 0, '2022-11-19 11:42:53', '2022-11-19 11:42:53');
INSERT INTO `t_inventory` VALUES (1, 356, 22, 0, '2022-11-19 11:41:30', '2022-11-19 11:41:30');
INSERT INTO `t_inventory` VALUES (1, 357, 59, 0, '2022-11-19 11:41:30', '2022-11-19 11:41:30');
INSERT INTO `t_inventory` VALUES (1, 359, 35, 0, '2022-11-19 11:42:53', '2022-11-19 11:42:53');
INSERT INTO `t_inventory` VALUES (1, 360, 141, 0, '2022-11-19 11:42:53', '2022-11-19 11:42:53');
INSERT INTO `t_inventory` VALUES (1, 362, 34, 0, '2022-11-19 11:41:30', '2022-11-19 11:41:30');
INSERT INTO `t_inventory` VALUES (1, 363, 30, 0, '2022-11-19 11:41:30', '2022-11-19 11:41:30');
INSERT INTO `t_inventory` VALUES (1, 364, 134, 0, '2022-11-19 11:41:30', '2022-11-19 11:41:30');
INSERT INTO `t_inventory` VALUES (1, 365, 148, 0, '2022-11-19 11:42:53', '2022-11-19 11:42:53');
INSERT INTO `t_inventory` VALUES (1, 366, 53, 0, '2022-11-19 11:41:30', '2022-11-19 11:41:30');
INSERT INTO `t_inventory` VALUES (1, 367, 71, 0, '2022-11-19 11:41:30', '2022-11-19 11:41:30');
INSERT INTO `t_inventory` VALUES (1, 368, 67, 0, '2022-11-19 11:41:30', '2022-11-19 11:41:30');
INSERT INTO `t_inventory` VALUES (1, 370, 7, 0, '2022-11-19 11:42:53', '2022-11-19 11:42:53');
INSERT INTO `t_inventory` VALUES (1, 372, 80, 0, '2022-11-19 11:41:30', '2022-11-19 11:41:30');
INSERT INTO `t_inventory` VALUES (1, 373, 0, 0, '2022-11-19 11:42:53', '2022-11-19 11:42:53');
INSERT INTO `t_inventory` VALUES (1, 374, 81, 0, '2022-11-19 11:41:30', '2022-11-19 11:41:30');
INSERT INTO `t_inventory` VALUES (1, 376, 37, 0, '2022-11-19 11:41:30', '2022-11-19 11:41:30');
INSERT INTO `t_inventory` VALUES (1, 378, 110, 0, '2022-11-19 11:42:53', '2022-11-19 11:42:53');
INSERT INTO `t_inventory` VALUES (1, 379, 32, 0, '2022-11-19 11:42:53', '2022-11-19 11:42:53');
INSERT INTO `t_inventory` VALUES (1, 380, 48, 0, '2022-11-19 11:42:53', '2022-11-19 11:42:53');
INSERT INTO `t_inventory` VALUES (1, 381, 70, 0, '2022-11-19 11:42:53', '2022-11-19 11:42:53');
INSERT INTO `t_inventory` VALUES (1, 383, 88, 0, '2022-11-19 11:41:30', '2022-11-19 11:41:30');
INSERT INTO `t_inventory` VALUES (1, 384, 59, 0, '2022-11-19 11:42:53', '2022-11-19 11:42:53');
INSERT INTO `t_inventory` VALUES (1, 389, 23, 0, '2022-11-19 11:41:30', '2022-11-19 11:41:30');
INSERT INTO `t_inventory` VALUES (1, 390, 124, 0, '2022-11-19 11:41:30', '2022-11-19 11:41:30');
INSERT INTO `t_inventory` VALUES (1, 391, 82, 0, '2022-11-19 11:41:30', '2022-11-19 11:41:30');
INSERT INTO `t_inventory` VALUES (1, 393, 77, 0, '2022-11-19 11:42:53', '2022-11-19 11:42:53');
INSERT INTO `t_inventory` VALUES (1, 395, 91, 0, '2022-11-19 11:41:30', '2022-11-19 11:41:30');
INSERT INTO `t_inventory` VALUES (1, 396, 125, 0, '2022-11-19 11:42:53', '2022-11-19 11:42:53');
INSERT INTO `t_inventory` VALUES (1, 397, 49, 0, '2022-11-19 11:42:53', '2022-11-19 11:42:53');
INSERT INTO `t_inventory` VALUES (1, 399, 145, 0, '2022-11-19 11:42:53', '2022-11-19 11:42:53');
INSERT INTO `t_inventory` VALUES (1, 402, 98, 0, '2022-11-19 11:42:53', '2022-11-19 11:42:53');
INSERT INTO `t_inventory` VALUES (1, 403, 103, 0, '2022-11-19 11:41:30', '2022-11-19 11:41:30');
INSERT INTO `t_inventory` VALUES (1, 404, 55, 0, '2022-11-19 11:41:30', '2022-11-19 11:41:30');
INSERT INTO `t_inventory` VALUES (1, 405, 116, 0, '2022-11-19 11:42:53', '2022-11-19 11:42:53');
INSERT INTO `t_inventory` VALUES (1, 409, 132, 0, '2022-11-19 11:41:30', '2022-11-19 11:41:30');
INSERT INTO `t_inventory` VALUES (1, 410, 111, 0, '2022-11-19 11:41:30', '2022-11-19 11:41:30');
INSERT INTO `t_inventory` VALUES (1, 411, 73, 0, '2022-11-19 11:41:30', '2022-11-19 11:41:30');
INSERT INTO `t_inventory` VALUES (1, 412, 128, 0, '2022-11-19 11:41:30', '2022-11-19 11:41:30');
INSERT INTO `t_inventory` VALUES (1, 413, 149, 0, '2022-11-19 11:42:53', '2022-11-19 11:42:53');
INSERT INTO `t_inventory` VALUES (1, 414, 116, 0, '2022-11-19 11:42:53', '2022-11-19 11:42:53');
INSERT INTO `t_inventory` VALUES (1, 415, 74, 0, '2022-11-19 11:41:30', '2022-11-19 11:41:30');
INSERT INTO `t_inventory` VALUES (1, 416, 67, 0, '2022-11-19 11:41:30', '2022-11-19 11:41:30');
INSERT INTO `t_inventory` VALUES (1, 417, 119, 0, '2022-11-19 11:42:53', '2022-11-19 11:42:53');
INSERT INTO `t_inventory` VALUES (1, 419, 148, 0, '2022-11-19 11:41:30', '2022-11-19 11:41:30');
INSERT INTO `t_inventory` VALUES (1, 421, 142, 0, '2022-11-19 11:41:30', '2022-11-19 11:41:30');
INSERT INTO `t_inventory` VALUES (1, 422, 15, 0, '2022-11-19 11:41:30', '2022-11-19 11:41:30');
INSERT INTO `t_inventory` VALUES (1, 423, 17, 0, '2022-11-19 11:41:30', '2022-11-19 11:41:30');
INSERT INTO `t_inventory` VALUES (1, 424, 123, 0, '2022-11-19 11:41:30', '2022-11-19 11:41:30');
INSERT INTO `t_inventory` VALUES (1, 425, 146, 0, '2022-11-19 11:42:53', '2022-11-19 11:42:53');
INSERT INTO `t_inventory` VALUES (1, 426, 95, 0, '2022-11-19 11:41:30', '2022-11-19 11:41:30');
INSERT INTO `t_inventory` VALUES (1, 427, 15, 0, '2022-11-19 11:41:30', '2022-11-19 11:41:30');
INSERT INTO `t_inventory` VALUES (1, 428, 12, 0, '2022-11-19 11:42:53', '2022-11-19 11:42:53');
INSERT INTO `t_inventory` VALUES (1, 429, 31, 0, '2022-11-19 11:42:53', '2022-11-19 11:42:53');
INSERT INTO `t_inventory` VALUES (1, 430, 107, 0, '2022-11-19 11:41:30', '2022-11-19 11:41:30');
INSERT INTO `t_inventory` VALUES (1, 433, 39, 0, '2022-11-19 11:42:53', '2022-11-19 11:42:53');
INSERT INTO `t_inventory` VALUES (1, 434, 112, 0, '2022-11-19 11:41:30', '2022-11-19 11:41:30');
INSERT INTO `t_inventory` VALUES (1, 437, 4, 0, '2022-11-19 11:42:53', '2022-11-19 11:42:53');
INSERT INTO `t_inventory` VALUES (1, 439, 113, 0, '2022-11-19 11:41:30', '2022-11-19 11:41:30');
INSERT INTO `t_inventory` VALUES (1, 440, 29, 0, '2022-11-19 11:42:53', '2022-11-19 11:42:53');
INSERT INTO `t_inventory` VALUES (1, 443, 36, 0, '2022-11-19 11:41:30', '2022-11-19 11:41:30');
INSERT INTO `t_inventory` VALUES (1, 444, 22, 0, '2022-11-19 11:41:30', '2022-11-19 11:41:30');
INSERT INTO `t_inventory` VALUES (1, 446, 138, 0, '2022-11-19 11:42:53', '2022-11-19 11:42:53');
INSERT INTO `t_inventory` VALUES (1, 447, 68, 0, '2022-11-19 11:41:30', '2022-11-19 11:41:30');
INSERT INTO `t_inventory` VALUES (1, 449, 57, 0, '2022-11-19 11:41:30', '2022-11-19 11:41:30');
INSERT INTO `t_inventory` VALUES (1, 450, 46, 0, '2022-11-19 11:42:53', '2022-11-19 11:42:53');
INSERT INTO `t_inventory` VALUES (1, 451, 138, 0, '2022-11-19 11:41:30', '2022-11-19 11:41:30');
INSERT INTO `t_inventory` VALUES (1, 454, 132, 0, '2022-11-19 11:41:30', '2022-11-19 11:41:30');
INSERT INTO `t_inventory` VALUES (1, 456, 135, 0, '2022-11-19 11:41:30', '2022-11-19 11:41:30');
INSERT INTO `t_inventory` VALUES (1, 457, 10, 0, '2022-11-19 11:42:53', '2022-11-19 11:42:53');
INSERT INTO `t_inventory` VALUES (1, 458, 43, 0, '2022-11-19 11:41:30', '2022-11-19 11:41:30');
INSERT INTO `t_inventory` VALUES (1, 460, 37, 0, '2022-11-19 11:41:30', '2022-11-19 11:41:30');
INSERT INTO `t_inventory` VALUES (1, 461, 134, 0, '2022-11-19 11:41:30', '2022-11-19 11:41:30');
INSERT INTO `t_inventory` VALUES (1, 462, 31, 0, '2022-11-19 11:41:30', '2022-11-19 11:41:30');
INSERT INTO `t_inventory` VALUES (1, 464, 18, 0, '2022-11-19 11:41:30', '2022-11-19 11:41:30');
INSERT INTO `t_inventory` VALUES (1, 465, 146, 0, '2022-11-19 11:42:53', '2022-11-19 11:42:53');
INSERT INTO `t_inventory` VALUES (1, 466, 43, 0, '2022-11-19 11:42:53', '2022-11-19 11:42:53');
INSERT INTO `t_inventory` VALUES (1, 467, 74, 0, '2022-11-19 11:41:30', '2022-11-19 11:41:30');
INSERT INTO `t_inventory` VALUES (1, 468, 8, 0, '2022-11-19 11:42:53', '2022-11-19 11:42:53');
INSERT INTO `t_inventory` VALUES (1, 469, 88, 0, '2022-11-19 11:41:30', '2022-11-19 11:41:30');
INSERT INTO `t_inventory` VALUES (1, 470, 41, 0, '2022-11-19 11:41:30', '2022-11-19 11:41:30');
INSERT INTO `t_inventory` VALUES (1, 471, 41, 0, '2022-11-19 11:42:53', '2022-11-19 11:42:53');
INSERT INTO `t_inventory` VALUES (1, 472, 25, 0, '2022-11-19 11:42:53', '2022-11-19 11:42:53');
INSERT INTO `t_inventory` VALUES (1, 473, 6, 0, '2022-11-19 11:42:53', '2022-11-19 11:42:53');
INSERT INTO `t_inventory` VALUES (1, 474, 61, 0, '2022-11-19 11:41:30', '2022-11-19 11:41:30');
INSERT INTO `t_inventory` VALUES (1, 476, 30, 0, '2022-11-19 11:41:30', '2022-11-19 11:41:30');
INSERT INTO `t_inventory` VALUES (1, 479, 58, 0, '2022-11-19 11:42:53', '2022-11-19 11:42:53');
INSERT INTO `t_inventory` VALUES (1, 483, 35, 0, '2022-11-19 11:41:30', '2022-11-19 11:41:30');
INSERT INTO `t_inventory` VALUES (1, 486, 65, 0, '2022-11-19 11:41:30', '2022-11-19 11:41:30');
INSERT INTO `t_inventory` VALUES (1, 487, 74, 0, '2022-11-19 11:41:30', '2022-11-19 11:41:30');
INSERT INTO `t_inventory` VALUES (1, 489, 118, 0, '2022-11-19 11:41:30', '2022-11-19 11:41:30');
INSERT INTO `t_inventory` VALUES (1, 490, 36, 0, '2022-11-19 11:41:30', '2022-11-19 11:41:30');
INSERT INTO `t_inventory` VALUES (1, 493, 97, 0, '2022-11-19 11:41:30', '2022-11-19 11:41:30');
INSERT INTO `t_inventory` VALUES (1, 494, 101, 0, '2022-11-19 11:42:53', '2022-11-19 11:42:53');
INSERT INTO `t_inventory` VALUES (1, 496, 96, 0, '2022-11-19 11:41:30', '2022-11-19 11:41:30');
INSERT INTO `t_inventory` VALUES (1, 500, 137, 0, '2022-11-19 11:41:30', '2022-11-19 11:41:30');
INSERT INTO `t_inventory` VALUES (2, 1, 6, 0, '2022-12-06 14:36:29', '2022-12-06 14:36:29');
INSERT INTO `t_inventory` VALUES (2, 2, 123, 0, '2022-11-19 11:42:53', '2022-12-18 14:07:28');
INSERT INTO `t_inventory` VALUES (2, 3, 102, 0, '2022-11-19 11:41:30', '2022-12-09 09:14:46');
INSERT INTO `t_inventory` VALUES (2, 4, 169, 0, '2022-11-19 11:41:30', '2022-12-07 13:55:27');
INSERT INTO `t_inventory` VALUES (2, 5, 25, 0, '2022-11-19 11:41:30', '2022-12-09 09:14:23');
INSERT INTO `t_inventory` VALUES (2, 7, 29, 0, '2022-11-19 11:42:53', '2022-11-19 11:42:53');
INSERT INTO `t_inventory` VALUES (2, 8, 114, 0, '2022-11-19 11:41:30', '2022-12-07 13:55:27');
INSERT INTO `t_inventory` VALUES (2, 9, 137, 0, '2022-11-19 11:42:53', '2022-11-19 11:42:53');
INSERT INTO `t_inventory` VALUES (2, 10, 100, 0, '2022-11-19 11:41:30', '2022-12-06 14:36:29');
INSERT INTO `t_inventory` VALUES (2, 11, 140, 0, '2022-11-19 11:42:53', '2022-11-19 11:42:53');
INSERT INTO `t_inventory` VALUES (2, 12, 145, 0, '2022-11-19 11:41:30', '2022-11-19 11:41:30');
INSERT INTO `t_inventory` VALUES (2, 13, 54, 0, '2022-11-19 11:41:30', '2022-11-19 11:41:30');
INSERT INTO `t_inventory` VALUES (2, 16, 143, 0, '2022-11-19 11:42:53', '2022-11-19 11:42:53');
INSERT INTO `t_inventory` VALUES (2, 17, 57, 0, '2022-11-19 11:41:30', '2022-11-19 11:41:30');
INSERT INTO `t_inventory` VALUES (2, 18, 4, 0, '2022-11-19 11:41:30', '2022-11-19 11:41:30');
INSERT INTO `t_inventory` VALUES (2, 19, 54, 0, '2022-11-19 11:41:30', '2022-11-19 11:41:30');
INSERT INTO `t_inventory` VALUES (2, 20, 97, 0, '2022-11-19 11:41:30', '2022-11-19 11:41:30');
INSERT INTO `t_inventory` VALUES (2, 21, 48, 0, '2022-11-19 11:41:30', '2022-11-19 11:41:30');
INSERT INTO `t_inventory` VALUES (2, 22, 10, 0, '2022-11-19 11:41:30', '2022-11-19 11:41:30');
INSERT INTO `t_inventory` VALUES (2, 23, 23, 0, '2022-11-19 11:41:30', '2022-11-19 11:41:30');
INSERT INTO `t_inventory` VALUES (2, 25, 131, 0, '2022-11-19 11:42:53', '2022-11-19 11:42:53');
INSERT INTO `t_inventory` VALUES (2, 26, 52, 0, '2022-11-19 11:41:30', '2022-11-19 11:41:30');
INSERT INTO `t_inventory` VALUES (2, 27, 38, 0, '2022-11-19 11:41:30', '2022-11-19 11:41:30');
INSERT INTO `t_inventory` VALUES (2, 28, 53, 0, '2022-11-19 11:41:30', '2022-11-19 11:41:30');
INSERT INTO `t_inventory` VALUES (2, 29, 125, 0, '2022-11-19 11:41:30', '2022-11-19 11:41:30');
INSERT INTO `t_inventory` VALUES (2, 30, 39, 0, '2022-11-19 11:41:30', '2022-11-19 11:41:30');
INSERT INTO `t_inventory` VALUES (2, 31, 89, 0, '2022-11-19 11:41:30', '2022-11-19 11:41:30');
INSERT INTO `t_inventory` VALUES (2, 32, 21, 0, '2022-11-19 11:42:53', '2022-11-19 11:42:53');
INSERT INTO `t_inventory` VALUES (2, 33, 18, 0, '2022-11-19 11:41:30', '2022-11-19 11:41:30');
INSERT INTO `t_inventory` VALUES (2, 35, 67, 0, '2022-11-19 11:41:30', '2022-11-19 11:41:30');
INSERT INTO `t_inventory` VALUES (2, 36, 55, 0, '2022-11-19 11:42:53', '2022-11-19 11:42:53');
INSERT INTO `t_inventory` VALUES (2, 37, 118, 0, '2022-11-19 11:41:30', '2022-11-19 11:41:30');
INSERT INTO `t_inventory` VALUES (2, 38, 124, 0, '2022-11-19 11:41:30', '2022-11-19 11:41:30');
INSERT INTO `t_inventory` VALUES (2, 39, 115, 0, '2022-11-19 11:41:30', '2022-11-19 11:41:30');
INSERT INTO `t_inventory` VALUES (2, 40, 44, 0, '2022-11-19 11:41:30', '2022-11-19 11:41:30');
INSERT INTO `t_inventory` VALUES (2, 41, 57, 0, '2022-11-19 11:42:53', '2022-11-19 11:42:53');
INSERT INTO `t_inventory` VALUES (2, 43, 73, 0, '2022-11-19 11:42:53', '2022-11-19 11:42:53');
INSERT INTO `t_inventory` VALUES (2, 44, 13, 0, '2022-11-19 11:41:30', '2022-11-19 11:41:30');
INSERT INTO `t_inventory` VALUES (2, 45, 10, 0, '2022-11-19 11:41:30', '2022-11-19 11:41:30');
INSERT INTO `t_inventory` VALUES (2, 46, 23, 0, '2022-11-19 11:42:53', '2022-11-19 11:42:53');
INSERT INTO `t_inventory` VALUES (2, 47, 124, 0, '2022-11-19 11:41:30', '2022-11-19 11:41:30');
INSERT INTO `t_inventory` VALUES (2, 48, 114, 0, '2022-11-19 11:41:30', '2022-11-19 11:41:30');
INSERT INTO `t_inventory` VALUES (2, 49, 65, 0, '2022-11-19 11:42:53', '2022-11-19 11:42:53');
INSERT INTO `t_inventory` VALUES (2, 50, 144, 0, '2022-11-19 11:41:30', '2022-11-19 11:41:30');
INSERT INTO `t_inventory` VALUES (2, 51, 133, 0, '2022-11-19 11:41:30', '2022-11-19 11:41:30');
INSERT INTO `t_inventory` VALUES (2, 53, 108, 0, '2022-11-19 11:41:30', '2022-11-19 11:41:30');
INSERT INTO `t_inventory` VALUES (2, 54, 72, 0, '2022-11-19 11:41:30', '2022-11-19 11:41:30');
INSERT INTO `t_inventory` VALUES (2, 55, 107, 0, '2022-11-19 11:41:30', '2022-11-19 11:41:30');
INSERT INTO `t_inventory` VALUES (2, 56, 35, 0, '2022-11-19 11:41:30', '2022-11-19 11:41:30');
INSERT INTO `t_inventory` VALUES (2, 57, 118, 0, '2022-11-19 11:42:53', '2022-11-19 11:42:53');
INSERT INTO `t_inventory` VALUES (2, 58, 83, 0, '2022-11-19 11:42:53', '2022-11-19 11:42:53');
INSERT INTO `t_inventory` VALUES (2, 59, 34, 0, '2022-11-19 11:42:53', '2022-11-19 11:42:53');
INSERT INTO `t_inventory` VALUES (2, 60, 86, 0, '2022-11-19 11:42:53', '2022-11-19 11:42:53');
INSERT INTO `t_inventory` VALUES (2, 61, 87, 0, '2022-11-19 11:41:30', '2022-11-19 11:41:30');
INSERT INTO `t_inventory` VALUES (2, 62, 12, 0, '2022-11-19 11:42:53', '2022-11-19 11:42:53');
INSERT INTO `t_inventory` VALUES (2, 63, 142, 0, '2022-11-19 11:41:30', '2022-11-19 11:41:30');
INSERT INTO `t_inventory` VALUES (2, 64, 78, 0, '2022-11-19 11:41:30', '2022-11-19 11:41:30');
INSERT INTO `t_inventory` VALUES (2, 65, 110, 0, '2022-11-19 11:41:30', '2022-11-19 11:41:30');
INSERT INTO `t_inventory` VALUES (2, 66, 121, 0, '2022-11-19 11:41:30', '2022-11-19 11:41:30');
INSERT INTO `t_inventory` VALUES (2, 67, 125, 0, '2022-11-19 11:41:30', '2022-11-19 11:41:30');
INSERT INTO `t_inventory` VALUES (2, 68, 3, 0, '2022-11-19 11:41:30', '2022-11-19 11:41:30');
INSERT INTO `t_inventory` VALUES (2, 69, 83, 0, '2022-11-19 11:41:30', '2022-11-19 11:41:30');
INSERT INTO `t_inventory` VALUES (2, 70, 2, 0, '2022-11-19 11:41:30', '2022-11-19 11:41:30');
INSERT INTO `t_inventory` VALUES (2, 71, 85, 0, '2022-11-19 11:41:30', '2022-11-19 11:41:30');
INSERT INTO `t_inventory` VALUES (2, 72, 30, 0, '2022-11-19 11:41:30', '2022-11-19 11:41:30');
INSERT INTO `t_inventory` VALUES (2, 73, 109, 0, '2022-11-19 11:42:53', '2022-11-19 11:42:53');
INSERT INTO `t_inventory` VALUES (2, 75, 86, 0, '2022-11-19 11:41:30', '2022-11-19 11:41:30');
INSERT INTO `t_inventory` VALUES (2, 76, 112, 0, '2022-11-19 11:42:53', '2022-11-19 11:42:53');
INSERT INTO `t_inventory` VALUES (2, 77, 69, 0, '2022-11-19 11:42:53', '2022-11-19 11:42:53');
INSERT INTO `t_inventory` VALUES (2, 79, 28, 0, '2022-11-19 11:42:53', '2022-11-19 11:42:53');
INSERT INTO `t_inventory` VALUES (2, 80, 49, 0, '2022-11-19 11:42:53', '2022-11-19 11:42:53');
INSERT INTO `t_inventory` VALUES (2, 83, 146, 0, '2022-11-19 11:42:53', '2022-11-19 11:42:53');
INSERT INTO `t_inventory` VALUES (2, 84, 51, 0, '2022-11-19 11:41:30', '2022-11-19 11:41:30');
INSERT INTO `t_inventory` VALUES (2, 85, 31, 0, '2022-11-19 11:42:53', '2022-11-19 11:42:53');
INSERT INTO `t_inventory` VALUES (2, 88, 109, 0, '2022-11-19 11:41:30', '2022-11-19 11:41:30');
INSERT INTO `t_inventory` VALUES (2, 89, 89, 0, '2022-11-19 11:41:30', '2022-11-19 11:41:30');
INSERT INTO `t_inventory` VALUES (2, 90, 67, 0, '2022-11-19 11:42:53', '2022-11-19 11:42:53');
INSERT INTO `t_inventory` VALUES (2, 91, 18, 0, '2022-11-19 11:41:30', '2022-11-19 11:41:30');
INSERT INTO `t_inventory` VALUES (2, 92, 143, 0, '2022-11-19 11:41:30', '2022-11-19 11:41:30');
INSERT INTO `t_inventory` VALUES (2, 93, 81, 0, '2022-11-19 11:41:30', '2022-11-19 11:41:30');
INSERT INTO `t_inventory` VALUES (2, 94, 139, 0, '2022-11-19 11:41:30', '2022-11-19 11:41:30');
INSERT INTO `t_inventory` VALUES (2, 95, 127, 0, '2022-11-19 11:41:30', '2022-11-19 11:41:30');
INSERT INTO `t_inventory` VALUES (2, 96, 119, 0, '2022-11-19 11:41:30', '2022-11-19 11:41:30');
INSERT INTO `t_inventory` VALUES (2, 97, 86, 0, '2022-11-19 11:42:53', '2022-11-19 11:42:53');
INSERT INTO `t_inventory` VALUES (2, 98, 100, 0, '2022-11-19 11:42:53', '2022-11-19 11:42:53');
INSERT INTO `t_inventory` VALUES (2, 99, 84, 0, '2022-11-19 11:42:53', '2022-11-19 11:42:53');
INSERT INTO `t_inventory` VALUES (2, 100, 126, 0, '2022-11-19 11:41:30', '2022-11-19 11:41:30');
INSERT INTO `t_inventory` VALUES (2, 101, 125, 0, '2022-11-19 11:41:30', '2022-11-19 11:41:30');
INSERT INTO `t_inventory` VALUES (2, 102, 79, 0, '2022-11-19 11:41:30', '2022-11-19 11:41:30');
INSERT INTO `t_inventory` VALUES (2, 103, 125, 0, '2022-11-19 11:42:53', '2022-11-19 11:42:53');
INSERT INTO `t_inventory` VALUES (2, 104, 29, 0, '2022-11-19 11:42:53', '2022-11-19 11:42:53');
INSERT INTO `t_inventory` VALUES (2, 105, 64, 0, '2022-11-19 11:41:30', '2022-11-19 11:41:30');
INSERT INTO `t_inventory` VALUES (2, 106, 37, 0, '2022-11-19 11:42:53', '2022-11-19 11:42:53');
INSERT INTO `t_inventory` VALUES (2, 107, 37, 0, '2022-11-19 11:41:30', '2022-11-19 11:41:30');
INSERT INTO `t_inventory` VALUES (2, 108, 22, 0, '2022-11-19 11:41:30', '2022-11-19 11:41:30');
INSERT INTO `t_inventory` VALUES (2, 109, 15, 0, '2022-11-19 11:42:53', '2022-11-19 11:42:53');
INSERT INTO `t_inventory` VALUES (2, 110, 43, 0, '2022-11-19 11:41:30', '2022-11-19 11:41:30');
INSERT INTO `t_inventory` VALUES (2, 111, 2, 0, '2022-11-19 11:42:53', '2022-11-19 11:42:53');
INSERT INTO `t_inventory` VALUES (2, 112, 34, 0, '2022-11-19 11:41:30', '2022-11-19 11:41:30');
INSERT INTO `t_inventory` VALUES (2, 113, 114, 0, '2022-11-19 11:42:53', '2022-11-19 11:42:53');
INSERT INTO `t_inventory` VALUES (2, 115, 73, 0, '2022-11-19 11:41:30', '2022-11-19 11:41:30');
INSERT INTO `t_inventory` VALUES (2, 116, 128, 0, '2022-11-19 11:42:53', '2022-11-19 11:42:53');
INSERT INTO `t_inventory` VALUES (2, 117, 42, 0, '2022-11-19 11:41:30', '2022-11-19 11:41:30');
INSERT INTO `t_inventory` VALUES (2, 118, 24, 0, '2022-11-19 11:41:30', '2022-11-19 11:41:30');
INSERT INTO `t_inventory` VALUES (2, 120, 65, 0, '2022-11-19 11:42:53', '2022-11-19 11:42:53');
INSERT INTO `t_inventory` VALUES (2, 121, 37, 0, '2022-11-19 11:41:30', '2022-11-19 11:41:30');
INSERT INTO `t_inventory` VALUES (2, 122, 132, 0, '2022-11-19 11:41:30', '2022-11-19 11:41:30');
INSERT INTO `t_inventory` VALUES (2, 123, 98, 0, '2022-11-19 11:41:30', '2022-11-19 11:41:30');
INSERT INTO `t_inventory` VALUES (2, 124, 143, 0, '2022-11-19 11:41:30', '2022-11-19 11:41:30');
INSERT INTO `t_inventory` VALUES (2, 125, 12, 0, '2022-11-19 11:41:30', '2022-11-19 11:41:30');
INSERT INTO `t_inventory` VALUES (2, 126, 81, 0, '2022-11-19 11:41:30', '2022-11-19 11:41:30');
INSERT INTO `t_inventory` VALUES (2, 127, 21, 0, '2022-11-19 11:41:30', '2022-11-19 11:41:30');
INSERT INTO `t_inventory` VALUES (2, 128, 99, 0, '2022-11-19 11:41:30', '2022-11-19 11:41:30');
INSERT INTO `t_inventory` VALUES (2, 129, 132, 0, '2022-11-19 11:41:30', '2022-11-19 11:41:30');
INSERT INTO `t_inventory` VALUES (2, 130, 70, 0, '2022-11-19 11:41:30', '2022-11-19 11:41:30');
INSERT INTO `t_inventory` VALUES (2, 131, 102, 0, '2022-11-19 11:41:30', '2022-11-19 11:41:30');
INSERT INTO `t_inventory` VALUES (2, 133, 2, 0, '2022-11-19 11:42:53', '2022-11-19 11:42:53');
INSERT INTO `t_inventory` VALUES (2, 134, 31, 0, '2022-11-19 11:41:30', '2022-11-19 11:41:30');
INSERT INTO `t_inventory` VALUES (2, 135, 7, 0, '2022-11-19 11:42:53', '2022-11-19 11:42:53');
INSERT INTO `t_inventory` VALUES (2, 136, 38, 0, '2022-11-19 11:41:30', '2022-11-19 11:41:30');
INSERT INTO `t_inventory` VALUES (2, 137, 62, 0, '2022-11-19 11:41:30', '2022-11-19 11:41:30');
INSERT INTO `t_inventory` VALUES (2, 138, 66, 0, '2022-11-19 11:41:30', '2022-11-19 11:41:30');
INSERT INTO `t_inventory` VALUES (2, 139, 37, 0, '2022-11-19 11:41:30', '2022-11-19 11:41:30');
INSERT INTO `t_inventory` VALUES (2, 140, 32, 0, '2022-11-19 11:41:30', '2022-11-19 11:41:30');
INSERT INTO `t_inventory` VALUES (2, 142, 30, 0, '2022-11-19 11:41:30', '2022-11-19 11:41:30');
INSERT INTO `t_inventory` VALUES (2, 143, 113, 0, '2022-11-19 11:41:30', '2022-11-19 11:41:30');
INSERT INTO `t_inventory` VALUES (2, 144, 47, 0, '2022-11-19 11:41:30', '2022-11-19 11:41:30');
INSERT INTO `t_inventory` VALUES (2, 145, 38, 0, '2022-11-19 11:41:30', '2022-11-19 11:41:30');
INSERT INTO `t_inventory` VALUES (2, 146, 137, 0, '2022-11-19 11:41:30', '2022-11-19 11:41:30');
INSERT INTO `t_inventory` VALUES (2, 147, 58, 0, '2022-11-19 11:41:30', '2022-11-19 11:41:30');
INSERT INTO `t_inventory` VALUES (2, 148, 106, 0, '2022-11-19 11:42:53', '2022-11-19 11:42:53');
INSERT INTO `t_inventory` VALUES (2, 150, 104, 0, '2022-11-19 11:42:53', '2022-11-19 11:42:53');
INSERT INTO `t_inventory` VALUES (2, 152, 88, 0, '2022-11-19 11:41:30', '2022-11-19 11:41:30');
INSERT INTO `t_inventory` VALUES (2, 153, 110, 0, '2022-11-19 11:42:53', '2022-11-19 11:42:53');
INSERT INTO `t_inventory` VALUES (2, 154, 48, 0, '2022-11-19 11:42:53', '2022-11-19 11:42:53');
INSERT INTO `t_inventory` VALUES (2, 155, 67, 0, '2022-11-19 11:41:30', '2022-11-19 11:41:30');
INSERT INTO `t_inventory` VALUES (2, 156, 0, 0, '2022-11-19 11:41:30', '2022-11-19 11:41:30');
INSERT INTO `t_inventory` VALUES (2, 159, 82, 0, '2022-11-19 11:41:30', '2022-11-19 11:41:30');
INSERT INTO `t_inventory` VALUES (2, 160, 80, 0, '2022-11-19 11:42:53', '2022-11-19 11:42:53');
INSERT INTO `t_inventory` VALUES (2, 161, 74, 0, '2022-11-19 11:41:30', '2022-11-19 11:41:30');
INSERT INTO `t_inventory` VALUES (2, 163, 85, 0, '2022-11-19 11:41:30', '2022-11-19 11:41:30');
INSERT INTO `t_inventory` VALUES (2, 164, 73, 0, '2022-11-19 11:41:30', '2022-11-19 11:41:30');
INSERT INTO `t_inventory` VALUES (2, 165, 45, 0, '2022-11-19 11:42:53', '2022-11-19 11:42:53');
INSERT INTO `t_inventory` VALUES (2, 166, 5, 0, '2022-11-19 11:41:30', '2022-11-19 11:41:30');
INSERT INTO `t_inventory` VALUES (2, 167, 10, 0, '2022-11-19 11:41:30', '2022-11-19 11:41:30');
INSERT INTO `t_inventory` VALUES (2, 168, 76, 0, '2022-11-19 11:42:53', '2022-11-19 11:42:53');
INSERT INTO `t_inventory` VALUES (2, 169, 128, 0, '2022-11-19 11:41:30', '2022-11-19 11:41:30');
INSERT INTO `t_inventory` VALUES (2, 170, 120, 0, '2022-11-19 11:41:30', '2022-11-19 11:41:30');
INSERT INTO `t_inventory` VALUES (2, 171, 147, 0, '2022-11-19 11:41:30', '2022-11-19 11:41:30');
INSERT INTO `t_inventory` VALUES (2, 172, 107, 0, '2022-11-19 11:42:53', '2022-11-19 11:42:53');
INSERT INTO `t_inventory` VALUES (2, 173, 144, 0, '2022-11-19 11:41:30', '2022-11-19 11:41:30');
INSERT INTO `t_inventory` VALUES (2, 174, 54, 0, '2022-11-19 11:41:30', '2022-11-19 11:41:30');
INSERT INTO `t_inventory` VALUES (2, 175, 82, 0, '2022-11-19 11:41:30', '2022-11-19 11:41:30');
INSERT INTO `t_inventory` VALUES (2, 177, 150, 0, '2022-11-19 11:41:30', '2022-11-19 11:41:30');
INSERT INTO `t_inventory` VALUES (2, 179, 66, 0, '2022-11-19 11:41:30', '2022-11-19 11:41:30');
INSERT INTO `t_inventory` VALUES (2, 180, 134, 0, '2022-11-19 11:41:30', '2022-11-19 11:41:30');
INSERT INTO `t_inventory` VALUES (2, 181, 106, 0, '2022-11-19 11:42:53', '2022-11-19 11:42:53');
INSERT INTO `t_inventory` VALUES (2, 183, 9, 0, '2022-11-19 11:42:53', '2022-11-19 11:42:53');
INSERT INTO `t_inventory` VALUES (2, 184, 136, 0, '2022-11-19 11:41:30', '2022-11-19 11:41:30');
INSERT INTO `t_inventory` VALUES (2, 187, 119, 0, '2022-11-19 11:42:53', '2022-11-19 11:42:53');
INSERT INTO `t_inventory` VALUES (2, 188, 84, 0, '2022-11-19 11:41:30', '2022-11-19 11:41:30');
INSERT INTO `t_inventory` VALUES (2, 189, 75, 0, '2022-11-19 11:42:53', '2022-11-19 11:42:53');
INSERT INTO `t_inventory` VALUES (2, 190, 12, 0, '2022-11-19 11:41:30', '2022-11-19 11:41:30');
INSERT INTO `t_inventory` VALUES (2, 191, 102, 0, '2022-11-19 11:41:30', '2022-11-19 11:41:30');
INSERT INTO `t_inventory` VALUES (2, 192, 130, 0, '2022-11-19 11:41:30', '2022-11-19 11:41:30');
INSERT INTO `t_inventory` VALUES (2, 193, 123, 0, '2022-11-19 11:41:30', '2022-11-19 11:41:30');
INSERT INTO `t_inventory` VALUES (2, 194, 113, 0, '2022-11-19 11:41:30', '2022-11-19 11:41:30');
INSERT INTO `t_inventory` VALUES (2, 195, 41, 0, '2022-11-19 11:41:30', '2022-11-19 11:41:30');
INSERT INTO `t_inventory` VALUES (2, 196, 125, 0, '2022-11-19 11:41:30', '2022-11-19 11:41:30');
INSERT INTO `t_inventory` VALUES (2, 197, 118, 0, '2022-11-19 11:41:30', '2022-11-19 11:41:30');
INSERT INTO `t_inventory` VALUES (2, 198, 12, 0, '2022-11-19 11:41:30', '2022-11-19 11:41:30');
INSERT INTO `t_inventory` VALUES (2, 199, 39, 0, '2022-11-19 11:41:30', '2022-11-19 11:41:30');
INSERT INTO `t_inventory` VALUES (2, 200, 115, 0, '2022-11-19 11:41:30', '2022-11-19 11:41:30');
INSERT INTO `t_inventory` VALUES (2, 202, 75, 0, '2022-11-19 11:41:30', '2022-11-19 11:41:30');
INSERT INTO `t_inventory` VALUES (2, 203, 145, 0, '2022-11-19 11:41:30', '2022-11-19 11:41:30');
INSERT INTO `t_inventory` VALUES (2, 204, 70, 0, '2022-11-19 11:42:53', '2022-11-19 11:42:53');
INSERT INTO `t_inventory` VALUES (2, 205, 83, 0, '2022-11-19 11:42:53', '2022-11-19 11:42:53');
INSERT INTO `t_inventory` VALUES (2, 206, 79, 0, '2022-11-19 11:42:53', '2022-11-19 11:42:53');
INSERT INTO `t_inventory` VALUES (2, 207, 36, 0, '2022-11-19 11:41:30', '2022-11-19 11:41:30');
INSERT INTO `t_inventory` VALUES (2, 208, 147, 0, '2022-11-19 11:42:53', '2022-11-19 11:42:53');
INSERT INTO `t_inventory` VALUES (2, 209, 141, 0, '2022-11-19 11:41:30', '2022-11-19 11:41:30');
INSERT INTO `t_inventory` VALUES (2, 210, 11, 0, '2022-11-19 11:42:53', '2022-11-19 11:42:53');
INSERT INTO `t_inventory` VALUES (2, 211, 21, 0, '2022-11-19 11:41:30', '2022-11-19 11:41:30');
INSERT INTO `t_inventory` VALUES (2, 212, 58, 0, '2022-11-19 11:41:30', '2022-11-19 11:41:30');
INSERT INTO `t_inventory` VALUES (2, 213, 101, 0, '2022-11-19 11:41:30', '2022-11-19 11:41:30');
INSERT INTO `t_inventory` VALUES (2, 214, 19, 0, '2022-11-19 11:41:30', '2022-11-19 11:41:30');
INSERT INTO `t_inventory` VALUES (2, 216, 5, 0, '2022-11-19 11:41:30', '2022-11-19 11:41:30');
INSERT INTO `t_inventory` VALUES (2, 217, 31, 0, '2022-11-19 11:42:53', '2022-11-19 11:42:53');
INSERT INTO `t_inventory` VALUES (2, 218, 10, 0, '2022-11-19 11:41:30', '2022-11-19 11:41:30');
INSERT INTO `t_inventory` VALUES (2, 219, 32, 0, '2022-11-19 11:42:53', '2022-11-19 11:42:53');
INSERT INTO `t_inventory` VALUES (2, 220, 33, 0, '2022-11-19 11:41:30', '2022-11-19 11:41:30');
INSERT INTO `t_inventory` VALUES (2, 222, 21, 0, '2022-11-19 11:42:53', '2022-11-19 11:42:53');
INSERT INTO `t_inventory` VALUES (2, 223, 18, 0, '2022-11-19 11:41:30', '2022-11-19 11:41:30');
INSERT INTO `t_inventory` VALUES (2, 224, 20, 0, '2022-11-19 11:42:53', '2022-11-19 11:42:53');
INSERT INTO `t_inventory` VALUES (2, 225, 60, 0, '2022-11-19 11:42:53', '2022-11-19 11:42:53');
INSERT INTO `t_inventory` VALUES (2, 226, 112, 0, '2022-11-19 11:42:53', '2022-11-19 11:42:53');
INSERT INTO `t_inventory` VALUES (2, 227, 139, 0, '2022-11-19 11:41:30', '2022-11-19 11:41:30');
INSERT INTO `t_inventory` VALUES (2, 228, 75, 0, '2022-11-19 11:41:30', '2022-11-19 11:41:30');
INSERT INTO `t_inventory` VALUES (2, 229, 26, 0, '2022-11-19 11:41:30', '2022-11-19 11:41:30');
INSERT INTO `t_inventory` VALUES (2, 230, 55, 0, '2022-11-19 11:41:30', '2022-11-19 11:41:30');
INSERT INTO `t_inventory` VALUES (2, 231, 51, 0, '2022-11-19 11:41:30', '2022-11-19 11:41:30');
INSERT INTO `t_inventory` VALUES (2, 232, 115, 0, '2022-11-19 11:42:53', '2022-11-19 11:42:53');
INSERT INTO `t_inventory` VALUES (2, 233, 62, 0, '2022-11-19 11:41:30', '2022-11-19 11:41:30');
INSERT INTO `t_inventory` VALUES (2, 234, 1, 0, '2022-11-19 11:42:53', '2022-11-19 11:42:53');
INSERT INTO `t_inventory` VALUES (2, 235, 0, 0, '2022-11-19 11:41:30', '2022-11-19 11:41:30');
INSERT INTO `t_inventory` VALUES (2, 236, 23, 0, '2022-11-19 11:41:30', '2022-11-19 11:41:30');
INSERT INTO `t_inventory` VALUES (2, 237, 77, 0, '2022-11-19 11:41:30', '2022-11-19 11:41:30');
INSERT INTO `t_inventory` VALUES (2, 238, 109, 0, '2022-11-19 11:41:30', '2022-11-19 11:41:30');
INSERT INTO `t_inventory` VALUES (2, 239, 21, 0, '2022-11-19 11:42:53', '2022-11-19 11:42:53');
INSERT INTO `t_inventory` VALUES (2, 241, 14, 0, '2022-11-19 11:42:53', '2022-11-19 11:42:53');
INSERT INTO `t_inventory` VALUES (2, 243, 128, 0, '2022-11-19 11:41:30', '2022-11-19 11:41:30');
INSERT INTO `t_inventory` VALUES (2, 244, 92, 0, '2022-11-19 11:41:30', '2022-11-19 11:41:30');
INSERT INTO `t_inventory` VALUES (2, 245, 104, 0, '2022-11-19 11:42:53', '2022-11-19 11:42:53');
INSERT INTO `t_inventory` VALUES (2, 246, 0, 0, '2022-11-19 11:41:30', '2022-11-19 11:41:30');
INSERT INTO `t_inventory` VALUES (2, 247, 77, 0, '2022-11-19 11:41:30', '2022-11-19 11:41:30');
INSERT INTO `t_inventory` VALUES (2, 248, 9, 0, '2022-11-19 11:42:53', '2022-11-19 11:42:53');
INSERT INTO `t_inventory` VALUES (2, 249, 12, 0, '2022-11-19 11:41:30', '2022-11-19 11:41:30');
INSERT INTO `t_inventory` VALUES (2, 250, 56, 0, '2022-11-19 11:41:30', '2022-11-19 11:41:30');
INSERT INTO `t_inventory` VALUES (2, 251, 142, 0, '2022-11-19 11:41:30', '2022-11-19 11:41:30');
INSERT INTO `t_inventory` VALUES (2, 252, 26, 0, '2022-11-19 11:41:30', '2022-11-19 11:41:30');
INSERT INTO `t_inventory` VALUES (2, 253, 96, 0, '2022-11-19 11:41:30', '2022-11-19 11:41:30');
INSERT INTO `t_inventory` VALUES (2, 254, 99, 0, '2022-11-19 11:42:53', '2022-11-19 11:42:53');
INSERT INTO `t_inventory` VALUES (2, 257, 63, 0, '2022-11-19 11:42:53', '2022-11-19 11:42:53');
INSERT INTO `t_inventory` VALUES (2, 258, 13, 0, '2022-11-19 11:41:30', '2022-11-19 11:41:30');
INSERT INTO `t_inventory` VALUES (2, 259, 148, 0, '2022-11-19 11:41:30', '2022-11-19 11:41:30');
INSERT INTO `t_inventory` VALUES (2, 260, 107, 0, '2022-11-19 11:41:30', '2022-11-19 11:41:30');
INSERT INTO `t_inventory` VALUES (2, 261, 112, 0, '2022-11-19 11:41:30', '2022-11-19 11:41:30');
INSERT INTO `t_inventory` VALUES (2, 262, 76, 0, '2022-11-19 11:42:53', '2022-11-19 11:42:53');
INSERT INTO `t_inventory` VALUES (2, 263, 83, 0, '2022-11-19 11:41:30', '2022-11-19 11:41:30');
INSERT INTO `t_inventory` VALUES (2, 264, 107, 0, '2022-11-19 11:41:30', '2022-11-19 11:41:30');
INSERT INTO `t_inventory` VALUES (2, 266, 124, 0, '2022-11-19 11:41:30', '2022-11-19 11:41:30');
INSERT INTO `t_inventory` VALUES (2, 267, 9, 0, '2022-11-19 11:41:30', '2022-11-19 11:41:30');
INSERT INTO `t_inventory` VALUES (2, 268, 133, 0, '2022-11-19 11:41:30', '2022-11-19 11:41:30');
INSERT INTO `t_inventory` VALUES (2, 269, 91, 0, '2022-11-19 11:42:53', '2022-11-19 11:42:53');
INSERT INTO `t_inventory` VALUES (2, 270, 143, 0, '2022-11-19 11:41:30', '2022-11-19 11:41:30');
INSERT INTO `t_inventory` VALUES (2, 272, 136, 0, '2022-11-19 11:41:30', '2022-11-19 11:41:30');
INSERT INTO `t_inventory` VALUES (2, 274, 137, 0, '2022-11-19 11:41:30', '2022-11-19 11:41:30');
INSERT INTO `t_inventory` VALUES (2, 275, 105, 0, '2022-11-19 11:41:30', '2022-11-19 11:41:30');
INSERT INTO `t_inventory` VALUES (2, 276, 139, 0, '2022-11-19 11:41:30', '2022-11-19 11:41:30');
INSERT INTO `t_inventory` VALUES (2, 278, 0, 0, '2022-11-19 11:41:30', '2022-11-19 11:41:30');
INSERT INTO `t_inventory` VALUES (2, 279, 139, 0, '2022-11-19 11:41:30', '2022-11-19 11:41:30');
INSERT INTO `t_inventory` VALUES (2, 280, 100, 0, '2022-11-19 11:41:30', '2022-11-19 11:41:30');
INSERT INTO `t_inventory` VALUES (2, 281, 62, 0, '2022-11-19 11:41:30', '2022-11-19 11:41:30');
INSERT INTO `t_inventory` VALUES (2, 282, 122, 0, '2022-11-19 11:41:30', '2022-11-19 11:41:30');
INSERT INTO `t_inventory` VALUES (2, 283, 118, 0, '2022-11-19 11:41:30', '2022-11-19 11:41:30');
INSERT INTO `t_inventory` VALUES (2, 284, 78, 0, '2022-11-19 11:41:30', '2022-11-19 11:41:30');
INSERT INTO `t_inventory` VALUES (2, 285, 66, 0, '2022-11-19 11:41:30', '2022-11-19 11:41:30');
INSERT INTO `t_inventory` VALUES (2, 286, 146, 0, '2022-11-19 11:42:53', '2022-11-19 11:42:53');
INSERT INTO `t_inventory` VALUES (2, 288, 73, 0, '2022-11-19 11:42:53', '2022-11-19 11:42:53');
INSERT INTO `t_inventory` VALUES (2, 289, 119, 0, '2022-11-19 11:42:53', '2022-11-19 11:42:53');
INSERT INTO `t_inventory` VALUES (2, 290, 149, 0, '2022-11-19 11:41:30', '2022-11-19 11:41:30');
INSERT INTO `t_inventory` VALUES (2, 291, 107, 0, '2022-11-19 11:41:30', '2022-11-19 11:41:30');
INSERT INTO `t_inventory` VALUES (2, 292, 70, 0, '2022-11-19 11:41:30', '2022-11-19 11:41:30');
INSERT INTO `t_inventory` VALUES (2, 294, 116, 0, '2022-11-19 11:41:30', '2022-11-19 11:41:30');
INSERT INTO `t_inventory` VALUES (2, 295, 125, 0, '2022-11-19 11:41:30', '2022-11-19 11:41:30');
INSERT INTO `t_inventory` VALUES (2, 296, 5, 0, '2022-11-19 11:42:53', '2022-11-19 11:42:53');
INSERT INTO `t_inventory` VALUES (2, 297, 129, 0, '2022-11-19 11:42:53', '2022-11-19 11:42:53');
INSERT INTO `t_inventory` VALUES (2, 299, 145, 0, '2022-11-19 11:41:30', '2022-11-19 11:41:30');
INSERT INTO `t_inventory` VALUES (2, 300, 16, 0, '2022-11-19 11:41:30', '2022-11-19 11:41:30');
INSERT INTO `t_inventory` VALUES (2, 301, 20, 0, '2022-11-19 11:41:30', '2022-11-19 11:41:30');
INSERT INTO `t_inventory` VALUES (2, 302, 124, 0, '2022-11-19 11:42:53', '2022-11-19 11:42:53');
INSERT INTO `t_inventory` VALUES (2, 303, 138, 0, '2022-11-19 11:41:30', '2022-11-19 11:41:30');
INSERT INTO `t_inventory` VALUES (2, 304, 79, 0, '2022-11-19 11:42:53', '2022-11-19 11:42:53');
INSERT INTO `t_inventory` VALUES (2, 306, 142, 0, '2022-11-19 11:41:30', '2022-11-19 11:41:30');
INSERT INTO `t_inventory` VALUES (2, 307, 36, 0, '2022-11-19 11:42:53', '2022-12-09 09:14:46');
INSERT INTO `t_inventory` VALUES (2, 308, 137, 0, '2022-11-19 11:41:30', '2022-11-19 11:41:30');
INSERT INTO `t_inventory` VALUES (2, 309, 37, 0, '2022-11-19 11:41:30', '2022-11-19 11:41:30');
INSERT INTO `t_inventory` VALUES (2, 310, 124, 0, '2022-11-19 11:42:53', '2022-11-19 11:42:53');
INSERT INTO `t_inventory` VALUES (2, 311, 86, 0, '2022-11-19 11:41:30', '2022-11-19 11:41:30');
INSERT INTO `t_inventory` VALUES (2, 312, 105, 0, '2022-11-19 11:41:30', '2022-11-19 11:41:30');
INSERT INTO `t_inventory` VALUES (2, 313, 41, 0, '2022-11-19 11:41:30', '2022-11-19 11:41:30');
INSERT INTO `t_inventory` VALUES (2, 314, 70, 0, '2022-11-19 11:41:30', '2022-11-19 11:41:30');
INSERT INTO `t_inventory` VALUES (2, 316, 27, 0, '2022-11-19 11:41:30', '2022-11-19 11:41:30');
INSERT INTO `t_inventory` VALUES (2, 318, 62, 0, '2022-11-19 11:41:30', '2022-11-19 11:41:30');
INSERT INTO `t_inventory` VALUES (2, 319, 106, 0, '2022-11-19 11:41:30', '2022-11-19 11:41:30');
INSERT INTO `t_inventory` VALUES (2, 320, 8, 0, '2022-11-19 11:41:30', '2022-11-19 11:41:30');
INSERT INTO `t_inventory` VALUES (2, 321, 8, 0, '2022-11-19 11:41:30', '2022-11-19 11:41:30');
INSERT INTO `t_inventory` VALUES (2, 322, 6, 0, '2022-11-19 11:41:30', '2022-11-19 11:41:30');
INSERT INTO `t_inventory` VALUES (2, 323, 39, 0, '2022-11-19 11:41:30', '2022-11-19 11:41:30');
INSERT INTO `t_inventory` VALUES (2, 325, 54, 0, '2022-11-19 11:42:53', '2022-11-19 11:42:53');
INSERT INTO `t_inventory` VALUES (2, 327, 26, 0, '2022-11-19 11:41:30', '2022-11-19 11:41:30');
INSERT INTO `t_inventory` VALUES (2, 328, 21, 0, '2022-11-19 11:41:30', '2022-11-19 11:41:30');
INSERT INTO `t_inventory` VALUES (2, 329, 135, 0, '2022-11-19 11:42:53', '2022-11-19 11:42:53');
INSERT INTO `t_inventory` VALUES (2, 330, 84, 0, '2022-11-19 11:41:30', '2022-11-19 11:41:30');
INSERT INTO `t_inventory` VALUES (2, 332, 149, 0, '2022-11-19 11:41:30', '2022-11-19 11:41:30');
INSERT INTO `t_inventory` VALUES (2, 333, 71, 0, '2022-11-19 11:42:53', '2022-11-19 11:42:53');
INSERT INTO `t_inventory` VALUES (2, 335, 70, 0, '2022-11-19 11:42:53', '2022-11-19 11:42:53');
INSERT INTO `t_inventory` VALUES (2, 336, 114, 0, '2022-11-19 11:41:30', '2022-11-19 11:41:30');
INSERT INTO `t_inventory` VALUES (2, 337, 114, 0, '2022-11-19 11:41:30', '2022-11-19 11:41:30');
INSERT INTO `t_inventory` VALUES (2, 338, 102, 0, '2022-11-19 11:41:30', '2022-11-19 11:41:30');
INSERT INTO `t_inventory` VALUES (2, 339, 124, 0, '2022-11-19 11:42:53', '2022-11-19 11:42:53');
INSERT INTO `t_inventory` VALUES (2, 340, 120, 0, '2022-11-19 11:41:30', '2022-11-19 11:41:30');
INSERT INTO `t_inventory` VALUES (2, 341, 8, 0, '2022-11-19 11:41:30', '2022-11-19 11:41:30');
INSERT INTO `t_inventory` VALUES (2, 342, 43, 0, '2022-11-19 11:41:30', '2022-11-19 11:41:30');
INSERT INTO `t_inventory` VALUES (2, 343, 6, 0, '2022-11-19 11:41:30', '2022-11-19 11:41:30');
INSERT INTO `t_inventory` VALUES (2, 344, 42, 0, '2022-11-19 11:41:30', '2022-11-19 11:41:30');
INSERT INTO `t_inventory` VALUES (2, 346, 100, 0, '2022-11-19 11:41:30', '2022-11-19 11:41:30');
INSERT INTO `t_inventory` VALUES (2, 347, 96, 0, '2022-11-19 11:41:30', '2022-11-19 11:41:30');
INSERT INTO `t_inventory` VALUES (2, 348, 75, 0, '2022-11-19 11:42:53', '2022-11-19 11:42:53');
INSERT INTO `t_inventory` VALUES (2, 350, 145, 0, '2022-11-19 11:42:53', '2022-11-19 11:42:53');
INSERT INTO `t_inventory` VALUES (2, 352, 58, 0, '2022-11-19 11:41:30', '2022-11-19 11:41:30');
INSERT INTO `t_inventory` VALUES (2, 353, 149, 0, '2022-11-19 11:42:53', '2022-11-19 11:42:53');
INSERT INTO `t_inventory` VALUES (2, 354, 23, 0, '2022-11-19 11:41:30', '2022-11-19 11:41:30');
INSERT INTO `t_inventory` VALUES (2, 355, 46, 0, '2022-11-19 11:41:30', '2022-11-19 11:41:30');
INSERT INTO `t_inventory` VALUES (2, 356, 67, 0, '2022-11-19 11:42:53', '2022-11-19 11:42:53');
INSERT INTO `t_inventory` VALUES (2, 357, 81, 0, '2022-11-19 11:41:30', '2022-11-19 11:41:30');
INSERT INTO `t_inventory` VALUES (2, 358, 112, 0, '2022-11-19 11:41:30', '2022-11-19 11:41:30');
INSERT INTO `t_inventory` VALUES (2, 359, 73, 0, '2022-11-19 11:42:53', '2022-11-19 11:42:53');
INSERT INTO `t_inventory` VALUES (2, 360, 43, 0, '2022-11-19 11:41:30', '2022-11-19 11:41:30');
INSERT INTO `t_inventory` VALUES (2, 361, 90, 0, '2022-11-19 11:41:30', '2022-11-19 11:41:30');
INSERT INTO `t_inventory` VALUES (2, 362, 123, 0, '2022-11-19 11:41:30', '2022-11-19 11:41:30');
INSERT INTO `t_inventory` VALUES (2, 363, 23, 0, '2022-11-19 11:41:30', '2022-11-19 11:41:30');
INSERT INTO `t_inventory` VALUES (2, 364, 66, 0, '2022-11-19 11:42:53', '2022-11-19 11:42:53');
INSERT INTO `t_inventory` VALUES (2, 365, 132, 0, '2022-11-19 11:42:53', '2022-11-19 11:42:53');
INSERT INTO `t_inventory` VALUES (2, 366, 129, 0, '2022-11-19 11:41:30', '2022-11-19 11:41:30');
INSERT INTO `t_inventory` VALUES (2, 367, 57, 0, '2022-11-19 11:41:30', '2022-11-19 11:41:30');
INSERT INTO `t_inventory` VALUES (2, 368, 6, 0, '2022-11-19 11:42:53', '2022-11-19 11:42:53');
INSERT INTO `t_inventory` VALUES (2, 369, 86, 0, '2022-11-19 11:42:53', '2022-11-19 11:42:53');
INSERT INTO `t_inventory` VALUES (2, 371, 91, 0, '2022-11-19 11:42:53', '2022-11-19 11:42:53');
INSERT INTO `t_inventory` VALUES (2, 372, 90, 0, '2022-11-19 11:42:53', '2022-11-19 11:42:53');
INSERT INTO `t_inventory` VALUES (2, 373, 142, 0, '2022-11-19 11:41:30', '2022-11-19 11:41:30');
INSERT INTO `t_inventory` VALUES (2, 374, 146, 0, '2022-11-19 11:41:30', '2022-11-19 11:41:30');
INSERT INTO `t_inventory` VALUES (2, 375, 78, 0, '2022-11-19 11:42:53', '2022-11-19 11:42:53');
INSERT INTO `t_inventory` VALUES (2, 376, 149, 0, '2022-11-19 11:41:30', '2022-11-19 11:41:30');
INSERT INTO `t_inventory` VALUES (2, 377, 7, 0, '2022-11-19 11:41:30', '2022-11-19 11:41:30');
INSERT INTO `t_inventory` VALUES (2, 378, 98, 0, '2022-11-19 11:41:30', '2022-11-19 11:41:30');
INSERT INTO `t_inventory` VALUES (2, 379, 24, 0, '2022-11-19 11:41:30', '2022-11-19 11:41:30');
INSERT INTO `t_inventory` VALUES (2, 380, 111, 0, '2022-11-19 11:41:30', '2022-11-19 11:41:30');
INSERT INTO `t_inventory` VALUES (2, 381, 146, 0, '2022-11-19 11:41:30', '2022-11-19 11:41:30');
INSERT INTO `t_inventory` VALUES (2, 382, 126, 0, '2022-11-19 11:41:30', '2022-11-19 11:41:30');
INSERT INTO `t_inventory` VALUES (2, 383, 127, 0, '2022-11-19 11:41:30', '2022-11-19 11:41:30');
INSERT INTO `t_inventory` VALUES (2, 384, 114, 0, '2022-11-19 11:41:30', '2022-11-19 11:41:30');
INSERT INTO `t_inventory` VALUES (2, 385, 23, 0, '2022-11-19 11:41:30', '2022-11-19 11:41:30');
INSERT INTO `t_inventory` VALUES (2, 386, 7, 0, '2022-11-19 11:41:30', '2022-11-19 11:41:30');
INSERT INTO `t_inventory` VALUES (2, 387, 113, 0, '2022-11-19 11:41:30', '2022-11-19 11:41:30');
INSERT INTO `t_inventory` VALUES (2, 388, 40, 0, '2022-11-19 11:41:30', '2022-11-19 11:41:30');
INSERT INTO `t_inventory` VALUES (2, 390, 58, 0, '2022-11-19 11:41:30', '2022-11-19 11:41:30');
INSERT INTO `t_inventory` VALUES (2, 391, 3, 0, '2022-11-19 11:41:30', '2022-11-19 11:41:30');
INSERT INTO `t_inventory` VALUES (2, 392, 111, 0, '2022-11-19 11:42:53', '2022-11-19 11:42:53');
INSERT INTO `t_inventory` VALUES (2, 393, 88, 0, '2022-11-19 11:41:30', '2022-11-19 11:41:30');
INSERT INTO `t_inventory` VALUES (2, 394, 44, 0, '2022-11-19 11:42:53', '2022-11-19 11:42:53');
INSERT INTO `t_inventory` VALUES (2, 395, 8, 0, '2022-11-19 11:41:30', '2022-11-19 11:41:30');
INSERT INTO `t_inventory` VALUES (2, 396, 131, 0, '2022-11-19 11:42:53', '2022-11-19 11:42:53');
INSERT INTO `t_inventory` VALUES (2, 397, 141, 0, '2022-11-19 11:42:53', '2022-11-19 11:42:53');
INSERT INTO `t_inventory` VALUES (2, 399, 128, 0, '2022-11-19 11:41:30', '2022-11-19 11:41:30');
INSERT INTO `t_inventory` VALUES (2, 400, 23, 0, '2022-11-19 11:41:30', '2022-11-19 11:41:30');
INSERT INTO `t_inventory` VALUES (2, 401, 68, 0, '2022-11-19 11:41:30', '2022-11-19 11:41:30');
INSERT INTO `t_inventory` VALUES (2, 402, 29, 0, '2022-11-19 11:42:53', '2022-11-19 11:42:53');
INSERT INTO `t_inventory` VALUES (2, 403, 144, 0, '2022-11-19 11:41:30', '2022-11-19 11:41:30');
INSERT INTO `t_inventory` VALUES (2, 404, 73, 0, '2022-11-19 11:42:53', '2022-11-19 11:42:53');
INSERT INTO `t_inventory` VALUES (2, 405, 126, 0, '2022-11-19 11:42:53', '2022-11-19 11:42:53');
INSERT INTO `t_inventory` VALUES (2, 406, 29, 0, '2022-11-19 11:41:30', '2022-11-19 11:41:30');
INSERT INTO `t_inventory` VALUES (2, 407, 24, 0, '2022-11-19 11:42:53', '2022-11-19 11:42:53');
INSERT INTO `t_inventory` VALUES (2, 408, 101, 0, '2022-11-19 11:41:30', '2022-11-19 11:41:30');
INSERT INTO `t_inventory` VALUES (2, 410, 47, 0, '2022-11-19 11:41:30', '2022-11-19 11:41:30');
INSERT INTO `t_inventory` VALUES (2, 411, 17, 0, '2022-11-19 11:41:30', '2022-11-19 11:41:30');
INSERT INTO `t_inventory` VALUES (2, 412, 137, 0, '2022-11-19 11:42:53', '2022-11-19 11:42:53');
INSERT INTO `t_inventory` VALUES (2, 413, 146, 0, '2022-11-19 11:41:30', '2022-11-19 11:41:30');
INSERT INTO `t_inventory` VALUES (2, 414, 130, 0, '2022-11-19 11:41:30', '2022-11-19 11:41:30');
INSERT INTO `t_inventory` VALUES (2, 415, 33, 0, '2022-11-19 11:42:53', '2022-11-19 11:42:53');
INSERT INTO `t_inventory` VALUES (2, 416, 139, 0, '2022-11-19 11:42:53', '2022-11-19 11:42:53');
INSERT INTO `t_inventory` VALUES (2, 418, 21, 0, '2022-11-19 11:41:30', '2022-11-19 11:41:30');
INSERT INTO `t_inventory` VALUES (2, 419, 122, 0, '2022-11-19 11:41:30', '2022-11-19 11:41:30');
INSERT INTO `t_inventory` VALUES (2, 420, 3, 0, '2022-11-19 11:41:30', '2022-11-19 11:41:30');
INSERT INTO `t_inventory` VALUES (2, 421, 133, 0, '2022-11-19 11:41:30', '2022-11-19 11:41:30');
INSERT INTO `t_inventory` VALUES (2, 423, 128, 0, '2022-11-19 11:41:30', '2022-11-19 11:41:30');
INSERT INTO `t_inventory` VALUES (2, 424, 37, 0, '2022-11-19 11:41:30', '2022-11-19 11:41:30');
INSERT INTO `t_inventory` VALUES (2, 425, 17, 0, '2022-11-19 11:41:30', '2022-11-19 11:41:30');
INSERT INTO `t_inventory` VALUES (2, 426, 10, 0, '2022-11-19 11:42:53', '2022-11-19 11:42:53');
INSERT INTO `t_inventory` VALUES (2, 427, 45, 0, '2022-11-19 11:41:30', '2022-11-19 11:41:30');
INSERT INTO `t_inventory` VALUES (2, 428, 79, 0, '2022-11-19 11:41:30', '2022-11-19 11:41:30');
INSERT INTO `t_inventory` VALUES (2, 430, 73, 0, '2022-11-19 11:41:30', '2022-11-19 11:41:30');
INSERT INTO `t_inventory` VALUES (2, 431, 22, 0, '2022-11-19 11:42:53', '2022-11-19 11:42:53');
INSERT INTO `t_inventory` VALUES (2, 432, 107, 0, '2022-11-19 11:41:30', '2022-11-19 11:41:30');
INSERT INTO `t_inventory` VALUES (2, 433, 93, 0, '2022-11-19 11:41:30', '2022-12-09 09:14:46');
INSERT INTO `t_inventory` VALUES (2, 434, 14, 0, '2022-11-19 11:42:53', '2022-11-19 11:42:53');
INSERT INTO `t_inventory` VALUES (2, 435, 26, 0, '2022-11-19 11:41:30', '2022-11-19 11:41:30');
INSERT INTO `t_inventory` VALUES (2, 436, 23, 0, '2022-11-19 11:42:53', '2022-11-19 11:42:53');
INSERT INTO `t_inventory` VALUES (2, 437, 94, 0, '2022-11-19 11:41:30', '2022-11-19 11:41:30');
INSERT INTO `t_inventory` VALUES (2, 438, 83, 0, '2022-11-19 11:41:30', '2022-11-19 11:41:30');
INSERT INTO `t_inventory` VALUES (2, 439, 135, 0, '2022-11-19 11:42:53', '2022-11-19 11:42:53');
INSERT INTO `t_inventory` VALUES (2, 440, 49, 0, '2022-11-19 11:42:53', '2022-11-19 11:42:53');
INSERT INTO `t_inventory` VALUES (2, 441, 47, 0, '2022-11-19 11:42:53', '2022-11-19 11:42:53');
INSERT INTO `t_inventory` VALUES (2, 442, 21, 0, '2022-11-19 11:41:30', '2022-11-19 11:41:30');
INSERT INTO `t_inventory` VALUES (2, 443, 16, 0, '2022-11-19 11:42:53', '2022-11-19 11:42:53');
INSERT INTO `t_inventory` VALUES (2, 444, 62, 0, '2022-11-19 11:41:30', '2022-11-19 11:41:30');
INSERT INTO `t_inventory` VALUES (2, 445, 74, 0, '2022-11-19 11:42:53', '2022-11-19 11:42:53');
INSERT INTO `t_inventory` VALUES (2, 446, 116, 0, '2022-11-19 11:41:30', '2022-11-19 11:41:30');
INSERT INTO `t_inventory` VALUES (2, 447, 26, 0, '2022-11-19 11:42:53', '2022-11-19 11:42:53');
INSERT INTO `t_inventory` VALUES (2, 448, 8, 0, '2022-11-19 11:41:30', '2022-11-19 11:41:30');
INSERT INTO `t_inventory` VALUES (2, 449, 68, 0, '2022-11-19 11:41:30', '2022-11-19 11:41:30');
INSERT INTO `t_inventory` VALUES (2, 450, 90, 0, '2022-11-19 11:42:53', '2022-11-19 11:42:53');
INSERT INTO `t_inventory` VALUES (2, 451, 20, 0, '2022-11-19 11:41:30', '2022-11-19 11:41:30');
INSERT INTO `t_inventory` VALUES (2, 452, 88, 0, '2022-11-19 11:41:30', '2022-11-19 11:41:30');
INSERT INTO `t_inventory` VALUES (2, 453, 134, 0, '2022-11-19 11:42:53', '2022-11-19 11:42:53');
INSERT INTO `t_inventory` VALUES (2, 454, 91, 0, '2022-11-19 11:41:30', '2022-11-19 11:41:30');
INSERT INTO `t_inventory` VALUES (2, 455, 116, 0, '2022-11-19 11:41:30', '2022-11-19 11:41:30');
INSERT INTO `t_inventory` VALUES (2, 457, 30, 0, '2022-11-19 11:42:53', '2022-11-19 11:42:53');
INSERT INTO `t_inventory` VALUES (2, 458, 116, 0, '2022-11-19 11:42:53', '2022-11-19 11:42:53');
INSERT INTO `t_inventory` VALUES (2, 460, 31, 0, '2022-11-19 11:41:30', '2022-11-19 11:41:30');
INSERT INTO `t_inventory` VALUES (2, 461, 5, 0, '2022-11-19 11:42:53', '2022-11-19 11:42:53');
INSERT INTO `t_inventory` VALUES (2, 462, 62, 0, '2022-11-19 11:41:30', '2022-11-19 11:41:30');
INSERT INTO `t_inventory` VALUES (2, 464, 46, 0, '2022-11-19 11:42:53', '2022-11-19 11:42:53');
INSERT INTO `t_inventory` VALUES (2, 465, 36, 0, '2022-11-19 11:41:30', '2022-11-19 11:41:30');
INSERT INTO `t_inventory` VALUES (2, 467, 60, 0, '2022-11-19 11:41:30', '2022-11-19 11:41:30');
INSERT INTO `t_inventory` VALUES (2, 468, 122, 0, '2022-11-19 11:41:30', '2022-11-19 11:41:30');
INSERT INTO `t_inventory` VALUES (2, 469, 137, 0, '2022-11-19 11:41:30', '2022-11-19 11:41:30');
INSERT INTO `t_inventory` VALUES (2, 470, 84, 0, '2022-11-19 11:41:30', '2022-11-19 11:41:30');
INSERT INTO `t_inventory` VALUES (2, 471, 139, 0, '2022-11-19 11:41:30', '2022-11-19 11:41:30');
INSERT INTO `t_inventory` VALUES (2, 472, 126, 0, '2022-11-19 11:41:30', '2022-11-19 11:41:30');
INSERT INTO `t_inventory` VALUES (2, 473, 70, 0, '2022-11-19 11:41:30', '2022-11-19 11:41:30');
INSERT INTO `t_inventory` VALUES (2, 474, 89, 0, '2022-11-19 11:41:30', '2022-11-19 11:41:30');
INSERT INTO `t_inventory` VALUES (2, 476, 24, 0, '2022-11-19 11:41:30', '2022-11-19 11:41:30');
INSERT INTO `t_inventory` VALUES (2, 477, 132, 0, '2022-11-19 11:41:30', '2022-11-19 11:41:30');
INSERT INTO `t_inventory` VALUES (2, 478, 117, 0, '2022-11-19 11:41:30', '2022-11-19 11:41:30');
INSERT INTO `t_inventory` VALUES (2, 481, 107, 0, '2022-11-19 11:41:30', '2022-11-19 11:41:30');
INSERT INTO `t_inventory` VALUES (2, 483, 134, 0, '2022-11-19 11:41:30', '2022-11-19 11:41:30');
INSERT INTO `t_inventory` VALUES (2, 484, 87, 0, '2022-11-19 11:41:30', '2022-11-19 11:41:30');
INSERT INTO `t_inventory` VALUES (2, 485, 59, 0, '2022-11-19 11:42:53', '2022-11-19 11:42:53');
INSERT INTO `t_inventory` VALUES (2, 487, 28, 0, '2022-11-19 11:41:30', '2022-11-19 11:41:30');
INSERT INTO `t_inventory` VALUES (2, 488, 6, 0, '2022-11-19 11:41:30', '2022-11-19 11:41:30');
INSERT INTO `t_inventory` VALUES (2, 489, 134, 0, '2022-11-19 11:41:30', '2022-11-19 11:41:30');
INSERT INTO `t_inventory` VALUES (2, 490, 18, 0, '2022-11-19 11:41:30', '2022-11-19 11:41:30');
INSERT INTO `t_inventory` VALUES (2, 491, 77, 0, '2022-11-19 11:41:30', '2022-11-19 11:41:30');
INSERT INTO `t_inventory` VALUES (2, 492, 72, 0, '2022-11-19 11:41:30', '2022-11-19 11:41:30');
INSERT INTO `t_inventory` VALUES (2, 493, 138, 0, '2022-11-19 11:41:30', '2022-11-19 11:41:30');
INSERT INTO `t_inventory` VALUES (2, 494, 46, 0, '2022-11-19 11:41:30', '2022-11-19 11:41:30');
INSERT INTO `t_inventory` VALUES (2, 495, 23, 0, '2022-11-19 11:41:30', '2022-11-19 11:41:30');
INSERT INTO `t_inventory` VALUES (2, 496, 24, 0, '2022-11-19 11:41:30', '2022-11-19 11:41:30');
INSERT INTO `t_inventory` VALUES (2, 497, 46, 0, '2022-11-19 11:41:30', '2022-11-19 11:41:30');
INSERT INTO `t_inventory` VALUES (2, 498, 54, 0, '2022-11-19 11:42:53', '2022-11-19 11:42:53');
INSERT INTO `t_inventory` VALUES (2, 499, 62, 0, '2022-11-19 11:41:30', '2022-11-19 11:41:30');
INSERT INTO `t_inventory` VALUES (2, 500, 117, 0, '2022-11-19 11:42:53', '2022-11-19 11:42:53');
INSERT INTO `t_inventory` VALUES (3, 1, 94, 0, '2022-11-19 11:41:30', '2022-12-06 18:31:50');
INSERT INTO `t_inventory` VALUES (3, 2, 28, 0, '2022-12-06 18:31:50', '2022-12-18 14:07:28');
INSERT INTO `t_inventory` VALUES (3, 3, 91, 0, '2022-11-19 11:41:30', '2022-11-19 11:41:30');
INSERT INTO `t_inventory` VALUES (3, 4, 49, 0, '2022-11-19 11:42:53', '2022-12-06 18:31:50');
INSERT INTO `t_inventory` VALUES (3, 5, 100, 0, '2022-11-19 11:42:53', '2022-12-06 18:31:50');
INSERT INTO `t_inventory` VALUES (3, 9, 108, 0, '2022-11-19 11:41:30', '2022-11-19 11:41:30');
INSERT INTO `t_inventory` VALUES (3, 10, 77, 0, '2022-11-19 11:42:53', '2022-11-19 11:42:53');
INSERT INTO `t_inventory` VALUES (3, 13, 79, 0, '2022-11-19 11:41:30', '2022-11-19 11:41:30');
INSERT INTO `t_inventory` VALUES (3, 14, 80, 0, '2022-11-19 11:41:30', '2022-11-19 11:41:30');
INSERT INTO `t_inventory` VALUES (3, 15, 129, 0, '2022-11-19 11:41:30', '2022-11-19 11:41:30');
INSERT INTO `t_inventory` VALUES (3, 16, 77, 0, '2022-11-19 11:41:30', '2022-11-19 11:41:30');
INSERT INTO `t_inventory` VALUES (3, 18, 125, 0, '2022-11-19 11:41:30', '2022-11-19 11:41:30');
INSERT INTO `t_inventory` VALUES (3, 19, 41, 0, '2022-11-19 11:41:30', '2022-11-19 11:41:30');
INSERT INTO `t_inventory` VALUES (3, 21, 70, 0, '2022-11-19 11:42:53', '2022-11-19 11:42:53');
INSERT INTO `t_inventory` VALUES (3, 22, 38, 0, '2022-11-19 11:42:53', '2022-11-19 11:42:53');
INSERT INTO `t_inventory` VALUES (3, 24, 52, 0, '2022-11-19 11:42:53', '2022-11-19 11:42:53');
INSERT INTO `t_inventory` VALUES (3, 27, 148, 0, '2022-11-19 11:41:30', '2022-11-19 11:41:30');
INSERT INTO `t_inventory` VALUES (3, 28, 147, 0, '2022-11-19 11:41:30', '2022-11-19 11:41:30');
INSERT INTO `t_inventory` VALUES (3, 29, 141, 0, '2022-11-19 11:41:30', '2022-11-19 11:41:30');
INSERT INTO `t_inventory` VALUES (3, 31, 54, 0, '2022-11-19 11:42:53', '2022-11-19 11:42:53');
INSERT INTO `t_inventory` VALUES (3, 32, 53, 0, '2022-11-19 11:42:53', '2022-11-19 11:42:53');
INSERT INTO `t_inventory` VALUES (3, 34, 109, 0, '2022-11-19 11:42:53', '2022-11-19 11:42:53');
INSERT INTO `t_inventory` VALUES (3, 35, 108, 0, '2022-11-19 11:42:53', '2022-11-19 11:42:53');
INSERT INTO `t_inventory` VALUES (3, 38, 97, 0, '2022-11-19 11:42:53', '2022-11-19 11:42:53');
INSERT INTO `t_inventory` VALUES (3, 39, 14, 0, '2022-11-19 11:41:30', '2022-11-19 11:41:30');
INSERT INTO `t_inventory` VALUES (3, 41, 130, 0, '2022-11-19 11:41:30', '2022-11-19 11:41:30');
INSERT INTO `t_inventory` VALUES (3, 42, 79, 0, '2022-11-19 11:41:30', '2022-11-19 11:41:30');
INSERT INTO `t_inventory` VALUES (3, 43, 4, 0, '2022-11-19 11:42:53', '2022-11-19 11:42:53');
INSERT INTO `t_inventory` VALUES (3, 45, 105, 0, '2022-11-19 11:41:30', '2022-11-19 11:41:30');
INSERT INTO `t_inventory` VALUES (3, 46, 102, 0, '2022-11-19 11:41:30', '2022-11-19 11:41:30');
INSERT INTO `t_inventory` VALUES (3, 48, 21, 0, '2022-12-06 18:31:50', '2022-12-06 18:31:50');
INSERT INTO `t_inventory` VALUES (3, 51, 11, 0, '2022-11-19 11:41:30', '2022-11-19 11:41:30');
INSERT INTO `t_inventory` VALUES (3, 52, 132, 0, '2022-11-19 11:41:30', '2022-11-19 11:41:30');
INSERT INTO `t_inventory` VALUES (3, 53, 115, 0, '2022-11-19 11:41:30', '2022-12-09 09:13:17');
INSERT INTO `t_inventory` VALUES (3, 54, 4, 0, '2022-11-19 11:42:53', '2022-11-19 11:42:53');
INSERT INTO `t_inventory` VALUES (3, 55, 90, 0, '2022-11-19 11:41:30', '2022-11-19 11:41:30');
INSERT INTO `t_inventory` VALUES (3, 57, 106, 0, '2022-11-19 11:41:30', '2022-11-19 11:41:30');
INSERT INTO `t_inventory` VALUES (3, 58, 95, 0, '2022-11-19 11:41:30', '2022-11-19 11:41:30');
INSERT INTO `t_inventory` VALUES (3, 59, 49, 0, '2022-11-19 11:41:30', '2022-11-19 11:41:30');
INSERT INTO `t_inventory` VALUES (3, 60, 116, 0, '2022-11-19 11:42:53', '2022-11-19 11:42:53');
INSERT INTO `t_inventory` VALUES (3, 61, 112, 0, '2022-11-19 11:41:30', '2022-11-19 11:41:30');
INSERT INTO `t_inventory` VALUES (3, 64, 148, 0, '2022-11-19 11:41:30', '2022-11-19 11:41:30');
INSERT INTO `t_inventory` VALUES (3, 65, 4, 0, '2022-11-19 11:41:30', '2022-11-19 11:41:30');
INSERT INTO `t_inventory` VALUES (3, 68, 63, 0, '2022-11-19 11:42:53', '2022-11-19 11:42:53');
INSERT INTO `t_inventory` VALUES (3, 69, 137, 0, '2022-11-19 11:41:30', '2022-11-19 11:41:30');
INSERT INTO `t_inventory` VALUES (3, 70, 5, 0, '2022-12-06 18:31:50', '2022-12-06 18:31:50');
INSERT INTO `t_inventory` VALUES (3, 71, 108, 0, '2022-11-19 11:42:53', '2022-11-19 11:42:53');
INSERT INTO `t_inventory` VALUES (3, 72, 7, 0, '2022-11-19 11:42:53', '2022-11-19 11:42:53');
INSERT INTO `t_inventory` VALUES (3, 73, 117, 0, '2022-11-19 11:42:53', '2022-11-19 11:42:53');
INSERT INTO `t_inventory` VALUES (3, 75, 132, 0, '2022-11-19 11:41:30', '2022-11-19 11:41:30');
INSERT INTO `t_inventory` VALUES (3, 76, 128, 0, '2022-11-19 11:41:30', '2022-11-19 11:41:30');
INSERT INTO `t_inventory` VALUES (3, 77, 115, 0, '2022-11-19 11:42:53', '2022-11-19 11:42:53');
INSERT INTO `t_inventory` VALUES (3, 84, 9, 0, '2022-11-19 11:41:30', '2022-11-19 11:41:30');
INSERT INTO `t_inventory` VALUES (3, 85, 20, 0, '2022-11-19 11:42:53', '2022-11-19 11:42:53');
INSERT INTO `t_inventory` VALUES (3, 87, 42, 0, '2022-11-19 11:42:53', '2022-11-19 11:42:53');
INSERT INTO `t_inventory` VALUES (3, 88, 75, 0, '2022-11-19 11:41:30', '2022-11-19 11:41:30');
INSERT INTO `t_inventory` VALUES (3, 91, 22, 0, '2022-11-19 11:41:30', '2022-11-19 11:41:30');
INSERT INTO `t_inventory` VALUES (3, 92, 91, 0, '2022-11-19 11:41:30', '2022-11-19 11:41:30');
INSERT INTO `t_inventory` VALUES (3, 95, 85, 0, '2022-11-19 11:41:30', '2022-11-19 11:41:30');
INSERT INTO `t_inventory` VALUES (3, 96, 96, 0, '2022-11-19 11:42:53', '2022-11-19 11:42:53');
INSERT INTO `t_inventory` VALUES (3, 98, 29, 0, '2022-11-19 11:41:30', '2022-11-19 11:41:30');
INSERT INTO `t_inventory` VALUES (3, 101, 37, 0, '2022-11-19 11:41:30', '2022-11-19 11:41:30');
INSERT INTO `t_inventory` VALUES (3, 102, 24, 0, '2022-11-19 11:41:30', '2022-11-19 11:41:30');
INSERT INTO `t_inventory` VALUES (3, 103, 39, 0, '2022-11-19 11:41:30', '2022-11-19 11:41:30');
INSERT INTO `t_inventory` VALUES (3, 105, 56, 0, '2022-11-19 11:42:53', '2022-11-19 11:42:53');
INSERT INTO `t_inventory` VALUES (3, 106, 14, 0, '2022-11-19 11:42:53', '2022-11-19 11:42:53');
INSERT INTO `t_inventory` VALUES (3, 107, 71, 0, '2022-11-19 11:41:30', '2022-11-19 11:41:30');
INSERT INTO `t_inventory` VALUES (3, 108, 79, 0, '2022-11-19 11:41:30', '2022-11-19 11:41:30');
INSERT INTO `t_inventory` VALUES (3, 109, 59, 0, '2022-11-19 11:41:30', '2022-11-19 11:41:30');
INSERT INTO `t_inventory` VALUES (3, 111, 26, 0, '2022-11-19 11:41:30', '2022-11-19 11:41:30');
INSERT INTO `t_inventory` VALUES (3, 114, 76, 0, '2022-11-19 11:42:53', '2022-11-19 11:42:53');
INSERT INTO `t_inventory` VALUES (3, 115, 102, 0, '2022-11-19 11:41:30', '2022-11-19 11:41:30');
INSERT INTO `t_inventory` VALUES (3, 116, 113, 0, '2022-11-19 11:41:30', '2022-11-19 11:41:30');
INSERT INTO `t_inventory` VALUES (3, 118, 130, 0, '2022-11-19 11:42:53', '2022-11-19 11:42:53');
INSERT INTO `t_inventory` VALUES (3, 123, 95, 0, '2022-11-19 11:42:53', '2022-11-19 11:42:53');
INSERT INTO `t_inventory` VALUES (3, 124, 41, 0, '2022-11-19 11:41:30', '2022-11-19 11:41:30');
INSERT INTO `t_inventory` VALUES (3, 126, 119, 0, '2022-11-19 11:42:53', '2022-11-19 11:42:53');
INSERT INTO `t_inventory` VALUES (3, 127, 39, 0, '2022-11-19 11:41:30', '2022-11-19 11:41:30');
INSERT INTO `t_inventory` VALUES (3, 128, 72, 0, '2022-11-19 11:42:53', '2022-11-19 11:42:53');
INSERT INTO `t_inventory` VALUES (3, 129, 146, 0, '2022-11-19 11:41:30', '2022-11-19 11:41:30');
INSERT INTO `t_inventory` VALUES (3, 131, 70, 0, '2022-11-19 11:41:30', '2022-11-19 11:41:30');
INSERT INTO `t_inventory` VALUES (3, 132, 92, 0, '2022-11-19 11:41:30', '2022-11-19 11:41:30');
INSERT INTO `t_inventory` VALUES (3, 133, 107, 0, '2022-11-19 11:41:30', '2022-11-19 11:41:30');
INSERT INTO `t_inventory` VALUES (3, 135, 95, 0, '2022-11-19 11:41:30', '2022-11-19 11:41:30');
INSERT INTO `t_inventory` VALUES (3, 137, 1, 0, '2022-11-19 11:41:30', '2022-11-19 11:41:30');
INSERT INTO `t_inventory` VALUES (3, 138, 84, 0, '2022-11-19 11:42:53', '2022-11-19 11:42:53');
INSERT INTO `t_inventory` VALUES (3, 139, 64, 0, '2022-11-19 11:41:30', '2022-11-19 11:41:30');
INSERT INTO `t_inventory` VALUES (3, 140, 87, 0, '2022-11-19 11:41:30', '2022-11-19 11:41:30');
INSERT INTO `t_inventory` VALUES (3, 142, 119, 0, '2022-11-19 11:42:53', '2022-11-19 11:42:53');
INSERT INTO `t_inventory` VALUES (3, 143, 124, 0, '2022-11-19 11:42:53', '2022-11-19 11:42:53');
INSERT INTO `t_inventory` VALUES (3, 145, 139, 0, '2022-11-19 11:41:30', '2022-11-19 11:41:30');
INSERT INTO `t_inventory` VALUES (3, 146, 123, 0, '2022-11-19 11:41:30', '2022-11-19 11:41:30');
INSERT INTO `t_inventory` VALUES (3, 147, 135, 0, '2022-11-19 11:42:53', '2022-11-19 11:42:53');
INSERT INTO `t_inventory` VALUES (3, 149, 27, 0, '2022-11-19 11:41:30', '2022-11-19 11:41:30');
INSERT INTO `t_inventory` VALUES (3, 152, 96, 0, '2022-11-19 11:41:30', '2022-11-19 11:41:30');
INSERT INTO `t_inventory` VALUES (3, 157, 3, 0, '2022-11-19 11:42:53', '2022-11-19 11:42:53');
INSERT INTO `t_inventory` VALUES (3, 158, 96, 0, '2022-11-19 11:41:30', '2022-11-19 11:41:30');
INSERT INTO `t_inventory` VALUES (3, 159, 34, 0, '2022-11-19 11:41:30', '2022-11-19 11:41:30');
INSERT INTO `t_inventory` VALUES (3, 167, 23, 0, '2022-11-19 11:42:53', '2022-11-19 11:42:53');
INSERT INTO `t_inventory` VALUES (3, 168, 30, 0, '2022-11-19 11:41:30', '2022-11-19 11:41:30');
INSERT INTO `t_inventory` VALUES (3, 171, 144, 0, '2022-11-19 11:42:53', '2022-11-19 11:42:53');
INSERT INTO `t_inventory` VALUES (3, 173, 3, 0, '2022-11-19 11:41:30', '2022-11-19 11:41:30');
INSERT INTO `t_inventory` VALUES (3, 175, 114, 0, '2022-11-19 11:42:53', '2022-11-19 11:42:53');
INSERT INTO `t_inventory` VALUES (3, 177, 119, 0, '2022-11-19 11:41:30', '2022-11-19 11:41:30');
INSERT INTO `t_inventory` VALUES (3, 179, 50, 0, '2022-11-19 11:41:30', '2022-11-19 11:41:30');
INSERT INTO `t_inventory` VALUES (3, 180, 12, 0, '2022-11-19 11:41:30', '2022-11-19 11:41:30');
INSERT INTO `t_inventory` VALUES (3, 182, 22, 0, '2022-11-19 11:42:53', '2022-11-19 11:42:53');
INSERT INTO `t_inventory` VALUES (3, 184, 62, 0, '2022-11-19 11:41:30', '2022-11-19 11:41:30');
INSERT INTO `t_inventory` VALUES (3, 186, 47, 0, '2022-11-19 11:41:30', '2022-11-19 11:41:30');
INSERT INTO `t_inventory` VALUES (3, 187, 105, 0, '2022-11-19 11:42:53', '2022-12-06 18:31:50');
INSERT INTO `t_inventory` VALUES (3, 188, 52, 0, '2022-11-19 11:41:30', '2022-11-19 11:41:30');
INSERT INTO `t_inventory` VALUES (3, 190, 46, 0, '2022-11-19 11:41:30', '2022-11-19 11:41:30');
INSERT INTO `t_inventory` VALUES (3, 191, 15, 0, '2022-11-19 11:41:30', '2022-11-19 11:41:30');
INSERT INTO `t_inventory` VALUES (3, 194, 52, 0, '2022-11-19 11:41:30', '2022-11-19 11:41:30');
INSERT INTO `t_inventory` VALUES (3, 198, 8, 0, '2022-11-19 11:41:30', '2022-11-19 11:41:30');
INSERT INTO `t_inventory` VALUES (3, 199, 97, 0, '2022-11-19 11:41:30', '2022-11-19 11:41:30');
INSERT INTO `t_inventory` VALUES (3, 200, 22, 0, '2022-11-19 11:41:30', '2022-11-19 11:41:30');
INSERT INTO `t_inventory` VALUES (3, 202, 104, 0, '2022-11-19 11:41:30', '2022-11-19 11:41:30');
INSERT INTO `t_inventory` VALUES (3, 203, 26, 0, '2022-11-19 11:41:30', '2022-11-19 11:41:30');
INSERT INTO `t_inventory` VALUES (3, 204, 25, 0, '2022-11-19 11:42:53', '2022-11-19 11:42:53');
INSERT INTO `t_inventory` VALUES (3, 205, 7, 0, '2022-11-19 11:42:53', '2022-11-19 11:42:53');
INSERT INTO `t_inventory` VALUES (3, 206, 61, 0, '2022-11-19 11:41:30', '2022-11-19 11:41:30');
INSERT INTO `t_inventory` VALUES (3, 207, 27, 0, '2022-11-19 11:41:30', '2022-11-19 11:41:30');
INSERT INTO `t_inventory` VALUES (3, 208, 99, 0, '2022-11-19 11:42:53', '2022-11-19 11:42:53');
INSERT INTO `t_inventory` VALUES (3, 210, 99, 0, '2022-11-19 11:41:30', '2022-11-19 11:41:30');
INSERT INTO `t_inventory` VALUES (3, 211, 50, 0, '2022-11-19 11:41:30', '2022-11-19 11:41:30');
INSERT INTO `t_inventory` VALUES (3, 212, 30, 0, '2022-11-19 11:41:30', '2022-11-19 11:41:30');
INSERT INTO `t_inventory` VALUES (3, 215, 76, 0, '2022-11-19 11:41:30', '2022-11-19 11:41:30');
INSERT INTO `t_inventory` VALUES (3, 217, 81, 0, '2022-11-19 11:42:53', '2022-11-19 11:42:53');
INSERT INTO `t_inventory` VALUES (3, 218, 33, 0, '2022-11-19 11:41:30', '2022-11-19 11:41:30');
INSERT INTO `t_inventory` VALUES (3, 219, 118, 0, '2022-11-19 11:41:30', '2022-11-19 11:41:30');
INSERT INTO `t_inventory` VALUES (3, 221, 49, 0, '2022-11-19 11:41:30', '2022-11-19 11:41:30');
INSERT INTO `t_inventory` VALUES (3, 222, 74, 0, '2022-11-19 11:41:30', '2022-11-19 11:41:30');
INSERT INTO `t_inventory` VALUES (3, 223, 131, 0, '2022-11-19 11:42:53', '2022-11-19 11:42:53');
INSERT INTO `t_inventory` VALUES (3, 224, 142, 0, '2022-11-19 11:41:30', '2022-11-19 11:41:30');
INSERT INTO `t_inventory` VALUES (3, 229, 47, 0, '2022-11-19 11:41:30', '2022-11-19 11:41:30');
INSERT INTO `t_inventory` VALUES (3, 230, 51, 0, '2022-11-19 11:41:30', '2022-11-19 11:41:30');
INSERT INTO `t_inventory` VALUES (3, 231, 110, 0, '2022-11-19 11:42:53', '2022-11-19 11:42:53');
INSERT INTO `t_inventory` VALUES (3, 232, 98, 0, '2022-11-19 11:41:30', '2022-11-19 11:41:30');
INSERT INTO `t_inventory` VALUES (3, 233, 146, 0, '2022-11-19 11:41:30', '2022-11-19 11:41:30');
INSERT INTO `t_inventory` VALUES (3, 234, 106, 0, '2022-11-19 11:41:30', '2022-11-19 11:41:30');
INSERT INTO `t_inventory` VALUES (3, 238, 96, 0, '2022-11-19 11:42:53', '2022-11-19 11:42:53');
INSERT INTO `t_inventory` VALUES (3, 239, 129, 0, '2022-11-19 11:41:30', '2022-11-19 11:41:30');
INSERT INTO `t_inventory` VALUES (3, 240, 112, 0, '2022-11-19 11:41:30', '2022-11-19 11:41:30');
INSERT INTO `t_inventory` VALUES (3, 242, 95, 0, '2022-11-19 11:42:53', '2022-11-19 11:42:53');
INSERT INTO `t_inventory` VALUES (3, 243, 150, 0, '2022-11-19 11:41:30', '2022-11-19 11:41:30');
INSERT INTO `t_inventory` VALUES (3, 245, 125, 0, '2022-11-19 11:42:53', '2022-11-19 11:42:53');
INSERT INTO `t_inventory` VALUES (3, 246, 24, 0, '2022-11-19 11:42:53', '2022-11-19 11:42:53');
INSERT INTO `t_inventory` VALUES (3, 247, 80, 0, '2022-11-19 11:41:30', '2022-11-19 11:41:30');
INSERT INTO `t_inventory` VALUES (3, 248, 119, 0, '2022-11-19 11:41:30', '2022-11-19 11:41:30');
INSERT INTO `t_inventory` VALUES (3, 251, 149, 0, '2022-11-19 11:42:53', '2022-11-19 11:42:53');
INSERT INTO `t_inventory` VALUES (3, 252, 18, 0, '2022-11-19 11:42:53', '2022-11-19 11:42:53');
INSERT INTO `t_inventory` VALUES (3, 253, 124, 0, '2022-11-19 11:41:30', '2022-12-06 18:31:50');
INSERT INTO `t_inventory` VALUES (3, 255, 111, 0, '2022-11-19 11:42:53', '2022-11-19 11:42:53');
INSERT INTO `t_inventory` VALUES (3, 257, 134, 0, '2022-11-19 11:41:30', '2022-11-19 11:41:30');
INSERT INTO `t_inventory` VALUES (3, 258, 44, 0, '2022-11-19 11:42:53', '2022-11-19 11:42:53');
INSERT INTO `t_inventory` VALUES (3, 259, 130, 0, '2022-11-19 11:41:30', '2022-11-19 11:41:30');
INSERT INTO `t_inventory` VALUES (3, 260, 115, 0, '2022-11-19 11:42:53', '2022-11-19 11:42:53');
INSERT INTO `t_inventory` VALUES (3, 261, 38, 0, '2022-11-19 11:41:30', '2022-11-19 11:41:30');
INSERT INTO `t_inventory` VALUES (3, 262, 22, 0, '2022-11-19 11:41:30', '2022-11-19 11:41:30');
INSERT INTO `t_inventory` VALUES (3, 264, 53, 0, '2022-11-19 11:41:30', '2022-11-19 11:41:30');
INSERT INTO `t_inventory` VALUES (3, 266, 43, 0, '2022-11-19 11:41:30', '2022-11-19 11:41:30');
INSERT INTO `t_inventory` VALUES (3, 268, 35, 0, '2022-11-19 11:41:30', '2022-11-19 11:41:30');
INSERT INTO `t_inventory` VALUES (3, 270, 20, 0, '2022-11-19 11:42:53', '2022-11-19 11:42:53');
INSERT INTO `t_inventory` VALUES (3, 271, 60, 0, '2022-11-19 11:41:30', '2022-11-19 11:41:30');
INSERT INTO `t_inventory` VALUES (3, 274, 30, 0, '2022-11-19 11:41:30', '2022-11-19 11:41:30');
INSERT INTO `t_inventory` VALUES (3, 275, 135, 0, '2022-11-19 11:42:53', '2022-11-19 11:42:53');
INSERT INTO `t_inventory` VALUES (3, 276, 127, 0, '2022-11-19 11:41:30', '2022-11-19 11:41:30');
INSERT INTO `t_inventory` VALUES (3, 277, 33, 0, '2022-11-19 11:41:30', '2022-11-19 11:41:30');
INSERT INTO `t_inventory` VALUES (3, 279, 79, 0, '2022-11-19 11:42:53', '2022-11-19 11:42:53');
INSERT INTO `t_inventory` VALUES (3, 280, 6, 0, '2022-11-19 11:42:53', '2022-11-19 11:42:53');
INSERT INTO `t_inventory` VALUES (3, 282, 141, 0, '2022-11-19 11:42:53', '2022-11-19 11:42:53');
INSERT INTO `t_inventory` VALUES (3, 283, 34, 0, '2022-11-19 11:42:53', '2022-11-19 11:42:53');
INSERT INTO `t_inventory` VALUES (3, 284, 6, 0, '2022-11-19 11:41:30', '2022-11-19 11:41:30');
INSERT INTO `t_inventory` VALUES (3, 285, 82, 0, '2022-11-19 11:41:30', '2022-11-19 11:41:30');
INSERT INTO `t_inventory` VALUES (3, 287, 147, 0, '2022-11-19 11:41:30', '2022-11-19 11:41:30');
INSERT INTO `t_inventory` VALUES (3, 288, 17, 0, '2022-12-06 18:31:51', '2022-12-06 18:31:51');
INSERT INTO `t_inventory` VALUES (3, 289, 28, 0, '2022-11-19 11:42:53', '2022-11-19 11:42:53');
INSERT INTO `t_inventory` VALUES (3, 291, 21, 0, '2022-11-19 11:41:30', '2022-11-19 11:41:30');
INSERT INTO `t_inventory` VALUES (3, 292, 77, 0, '2022-11-19 11:41:30', '2022-11-19 11:41:30');
INSERT INTO `t_inventory` VALUES (3, 295, 90, 0, '2022-11-19 11:41:30', '2022-11-19 11:41:30');
INSERT INTO `t_inventory` VALUES (3, 297, 149, 0, '2022-11-19 11:41:30', '2022-11-19 11:41:30');
INSERT INTO `t_inventory` VALUES (3, 298, 68, 0, '2022-11-19 11:41:30', '2022-11-19 11:41:30');
INSERT INTO `t_inventory` VALUES (3, 299, 27, 0, '2022-11-19 11:41:30', '2022-11-19 11:41:30');
INSERT INTO `t_inventory` VALUES (3, 303, 52, 0, '2022-11-19 11:42:53', '2022-11-19 11:42:53');
INSERT INTO `t_inventory` VALUES (3, 304, 47, 0, '2022-11-19 11:42:53', '2022-11-19 11:42:53');
INSERT INTO `t_inventory` VALUES (3, 305, 109, 0, '2022-11-19 11:41:30', '2022-11-19 11:41:30');
INSERT INTO `t_inventory` VALUES (3, 309, 76, 0, '2022-11-19 11:41:30', '2022-12-06 18:31:51');
INSERT INTO `t_inventory` VALUES (3, 311, 123, 0, '2022-11-19 11:42:53', '2022-11-19 11:42:53');
INSERT INTO `t_inventory` VALUES (3, 312, 54, 0, '2022-11-19 11:41:30', '2022-11-19 11:41:30');
INSERT INTO `t_inventory` VALUES (3, 313, 109, 0, '2022-11-19 11:42:53', '2022-11-19 11:42:53');
INSERT INTO `t_inventory` VALUES (3, 314, 127, 0, '2022-11-19 11:42:53', '2022-11-19 11:42:53');
INSERT INTO `t_inventory` VALUES (3, 315, 88, 0, '2022-11-19 11:41:30', '2022-11-19 11:41:30');
INSERT INTO `t_inventory` VALUES (3, 319, 60, 0, '2022-11-19 11:42:53', '2022-11-19 11:42:53');
INSERT INTO `t_inventory` VALUES (3, 320, 33, 0, '2022-11-19 11:41:30', '2022-11-19 11:41:30');
INSERT INTO `t_inventory` VALUES (3, 322, 95, 0, '2022-11-19 11:42:53', '2022-11-19 11:42:53');
INSERT INTO `t_inventory` VALUES (3, 323, 96, 0, '2022-11-19 11:42:53', '2022-11-19 11:42:53');
INSERT INTO `t_inventory` VALUES (3, 325, 109, 0, '2022-11-19 11:41:30', '2022-11-19 11:41:30');
INSERT INTO `t_inventory` VALUES (3, 327, 79, 0, '2022-11-19 11:42:53', '2022-11-19 11:42:53');
INSERT INTO `t_inventory` VALUES (3, 329, 78, 0, '2022-11-19 11:42:53', '2022-11-19 11:42:53');
INSERT INTO `t_inventory` VALUES (3, 330, 148, 0, '2022-11-19 11:41:30', '2022-11-19 11:41:30');
INSERT INTO `t_inventory` VALUES (3, 331, 149, 0, '2022-11-19 11:42:53', '2022-11-19 11:42:53');
INSERT INTO `t_inventory` VALUES (3, 333, 125, 0, '2022-11-19 11:42:53', '2022-11-19 11:42:53');
INSERT INTO `t_inventory` VALUES (3, 334, 88, 0, '2022-11-19 11:41:30', '2022-11-19 11:41:30');
INSERT INTO `t_inventory` VALUES (3, 335, 140, 0, '2022-11-19 11:42:53', '2022-11-19 11:42:53');
INSERT INTO `t_inventory` VALUES (3, 336, 129, 0, '2022-11-19 11:41:30', '2022-11-19 11:41:30');
INSERT INTO `t_inventory` VALUES (3, 338, 141, 0, '2022-11-19 11:41:30', '2022-11-19 11:41:30');
INSERT INTO `t_inventory` VALUES (3, 339, 115, 0, '2022-11-19 11:41:30', '2022-11-19 11:41:30');
INSERT INTO `t_inventory` VALUES (3, 341, 90, 0, '2022-11-19 11:41:30', '2022-11-19 11:41:30');
INSERT INTO `t_inventory` VALUES (3, 342, 109, 0, '2022-11-19 11:41:30', '2022-11-19 11:41:30');
INSERT INTO `t_inventory` VALUES (3, 345, 27, 0, '2022-11-19 11:41:30', '2022-11-19 11:41:30');
INSERT INTO `t_inventory` VALUES (3, 349, 114, 0, '2022-11-19 11:41:30', '2022-11-19 11:41:30');
INSERT INTO `t_inventory` VALUES (3, 350, 116, 0, '2022-11-19 11:42:53', '2022-11-19 11:42:53');
INSERT INTO `t_inventory` VALUES (3, 353, 25, 0, '2022-11-19 11:42:53', '2022-11-19 11:42:53');
INSERT INTO `t_inventory` VALUES (3, 355, 95, 0, '2022-11-19 11:41:30', '2022-11-19 11:41:30');
INSERT INTO `t_inventory` VALUES (3, 356, 97, 0, '2022-11-19 11:41:30', '2022-11-19 11:41:30');
INSERT INTO `t_inventory` VALUES (3, 357, 31, 0, '2022-11-19 11:41:30', '2022-11-19 11:41:30');
INSERT INTO `t_inventory` VALUES (3, 359, 37, 0, '2022-11-19 11:42:53', '2022-11-19 11:42:53');
INSERT INTO `t_inventory` VALUES (3, 360, 140, 0, '2022-11-19 11:42:53', '2022-11-19 11:42:53');
INSERT INTO `t_inventory` VALUES (3, 361, 49, 0, '2022-11-19 11:41:30', '2022-11-19 11:41:30');
INSERT INTO `t_inventory` VALUES (3, 362, 94, 0, '2022-11-19 11:41:30', '2022-11-19 11:41:30');
INSERT INTO `t_inventory` VALUES (3, 367, 32, 0, '2022-11-19 11:41:30', '2022-11-19 11:41:30');
INSERT INTO `t_inventory` VALUES (3, 370, 24, 0, '2022-11-19 11:41:30', '2022-11-19 11:41:30');
INSERT INTO `t_inventory` VALUES (3, 371, 120, 0, '2022-11-19 11:41:30', '2022-11-19 11:41:30');
INSERT INTO `t_inventory` VALUES (3, 372, 113, 0, '2022-11-19 11:42:53', '2022-11-19 11:42:53');
INSERT INTO `t_inventory` VALUES (3, 373, 60, 0, '2022-11-19 11:41:30', '2022-11-19 11:41:30');
INSERT INTO `t_inventory` VALUES (3, 374, 4, 0, '2022-11-19 11:41:30', '2022-11-19 11:41:30');
INSERT INTO `t_inventory` VALUES (3, 377, 35, 0, '2022-11-19 11:42:53', '2022-12-06 18:31:50');
INSERT INTO `t_inventory` VALUES (3, 380, 142, 0, '2022-11-19 11:41:30', '2022-11-19 11:41:30');
INSERT INTO `t_inventory` VALUES (3, 381, 35, 0, '2022-11-19 11:41:30', '2022-11-19 11:41:30');
INSERT INTO `t_inventory` VALUES (3, 382, 126, 0, '2022-11-19 11:41:30', '2022-11-19 11:41:30');
INSERT INTO `t_inventory` VALUES (3, 385, 47, 0, '2022-11-19 11:41:30', '2022-11-19 11:41:30');
INSERT INTO `t_inventory` VALUES (3, 386, 9, 0, '2022-11-19 11:42:53', '2022-11-19 11:42:53');
INSERT INTO `t_inventory` VALUES (3, 387, 136, 0, '2022-11-19 11:41:30', '2022-11-19 11:41:30');
INSERT INTO `t_inventory` VALUES (3, 390, 12, 0, '2022-11-19 11:42:53', '2022-12-06 18:31:51');
INSERT INTO `t_inventory` VALUES (3, 393, 89, 0, '2022-11-19 11:41:30', '2022-11-19 11:41:30');
INSERT INTO `t_inventory` VALUES (3, 395, 85, 0, '2022-11-19 11:41:30', '2022-11-19 11:41:30');
INSERT INTO `t_inventory` VALUES (3, 398, 148, 0, '2022-11-19 11:42:53', '2022-11-19 11:42:53');
INSERT INTO `t_inventory` VALUES (3, 401, 56, 0, '2022-11-19 11:42:53', '2022-11-19 11:42:53');
INSERT INTO `t_inventory` VALUES (3, 402, 5, 0, '2022-11-19 11:42:53', '2022-11-19 11:42:53');
INSERT INTO `t_inventory` VALUES (3, 403, 62, 0, '2022-11-19 11:41:30', '2022-11-19 11:41:30');
INSERT INTO `t_inventory` VALUES (3, 404, 116, 0, '2022-11-19 11:42:53', '2022-11-19 11:42:53');
INSERT INTO `t_inventory` VALUES (3, 405, 109, 0, '2022-11-19 11:41:30', '2022-11-19 11:41:30');
INSERT INTO `t_inventory` VALUES (3, 407, 65, 0, '2022-11-19 11:41:30', '2022-11-19 11:41:30');
INSERT INTO `t_inventory` VALUES (3, 408, 32, 0, '2022-11-19 11:41:30', '2022-11-19 11:41:30');
INSERT INTO `t_inventory` VALUES (3, 412, 82, 0, '2022-11-19 11:41:30', '2022-11-19 11:41:30');
INSERT INTO `t_inventory` VALUES (3, 413, 71, 0, '2022-11-19 11:42:53', '2022-11-19 11:42:53');
INSERT INTO `t_inventory` VALUES (3, 414, 22, 0, '2022-11-19 11:41:30', '2022-11-19 11:41:30');
INSERT INTO `t_inventory` VALUES (3, 415, 46, 0, '2022-11-19 11:41:30', '2022-11-19 11:41:30');
INSERT INTO `t_inventory` VALUES (3, 417, 35, 0, '2022-11-19 11:42:53', '2022-11-19 11:42:53');
INSERT INTO `t_inventory` VALUES (3, 418, 115, 0, '2022-11-19 11:42:53', '2022-11-19 11:42:53');
INSERT INTO `t_inventory` VALUES (3, 419, 99, 0, '2022-11-19 11:42:53', '2022-11-19 11:42:53');
INSERT INTO `t_inventory` VALUES (3, 424, 48, 0, '2022-11-19 11:41:30', '2022-11-19 11:41:30');
INSERT INTO `t_inventory` VALUES (3, 425, 81, 0, '2022-11-19 11:41:30', '2022-11-19 11:41:30');
INSERT INTO `t_inventory` VALUES (3, 426, 74, 0, '2022-11-19 11:41:30', '2022-11-19 11:41:30');
INSERT INTO `t_inventory` VALUES (3, 428, 61, 0, '2022-11-19 11:42:53', '2022-11-19 11:42:53');
INSERT INTO `t_inventory` VALUES (3, 429, 54, 0, '2022-11-19 11:41:30', '2022-11-19 11:41:30');
INSERT INTO `t_inventory` VALUES (3, 430, 81, 0, '2022-11-19 11:41:30', '2022-11-19 11:41:30');
INSERT INTO `t_inventory` VALUES (3, 431, 149, 0, '2022-11-19 11:42:53', '2022-11-19 11:42:53');
INSERT INTO `t_inventory` VALUES (3, 433, 114, 0, '2022-11-19 11:42:53', '2022-11-19 11:42:53');
INSERT INTO `t_inventory` VALUES (3, 434, 7, 0, '2022-11-19 11:41:30', '2022-11-19 11:41:30');
INSERT INTO `t_inventory` VALUES (3, 435, 120, 0, '2022-11-19 11:42:53', '2022-11-19 11:42:53');
INSERT INTO `t_inventory` VALUES (3, 436, 139, 0, '2022-11-19 11:42:53', '2022-11-19 11:42:53');
INSERT INTO `t_inventory` VALUES (3, 439, 131, 0, '2022-11-19 11:42:53', '2022-11-19 11:42:53');
INSERT INTO `t_inventory` VALUES (3, 440, 122, 0, '2022-11-19 11:41:30', '2022-11-19 11:41:30');
INSERT INTO `t_inventory` VALUES (3, 441, 121, 0, '2022-11-19 11:42:53', '2022-11-19 11:42:53');
INSERT INTO `t_inventory` VALUES (3, 443, 131, 0, '2022-11-19 11:42:53', '2022-11-19 11:42:53');
INSERT INTO `t_inventory` VALUES (3, 445, 21, 0, '2022-11-19 11:41:30', '2022-11-19 11:41:30');
INSERT INTO `t_inventory` VALUES (3, 448, 9, 0, '2022-11-19 11:41:30', '2022-11-19 11:41:30');
INSERT INTO `t_inventory` VALUES (3, 449, 23, 0, '2022-11-19 11:41:30', '2022-11-19 11:41:30');
INSERT INTO `t_inventory` VALUES (3, 450, 125, 0, '2022-11-19 11:41:30', '2022-11-19 11:41:30');
INSERT INTO `t_inventory` VALUES (3, 451, 136, 0, '2022-11-19 11:41:30', '2022-11-19 11:41:30');
INSERT INTO `t_inventory` VALUES (3, 454, 122, 0, '2022-11-19 11:41:30', '2022-11-19 11:41:30');
INSERT INTO `t_inventory` VALUES (3, 457, 20, 0, '2022-11-19 11:42:53', '2022-11-19 11:42:53');
INSERT INTO `t_inventory` VALUES (3, 459, 47, 0, '2022-11-19 11:41:30', '2022-11-19 11:41:30');
INSERT INTO `t_inventory` VALUES (3, 460, 99, 0, '2022-11-19 11:41:30', '2022-11-19 11:41:30');
INSERT INTO `t_inventory` VALUES (3, 461, 101, 0, '2022-11-19 11:42:53', '2022-11-19 11:42:53');
INSERT INTO `t_inventory` VALUES (3, 462, 39, 0, '2022-11-19 11:42:53', '2022-11-19 11:42:53');
INSERT INTO `t_inventory` VALUES (3, 463, 5, 0, '2022-11-19 11:41:30', '2022-11-19 11:41:30');
INSERT INTO `t_inventory` VALUES (3, 464, 7, 0, '2022-11-19 11:42:53', '2022-11-19 11:42:53');
INSERT INTO `t_inventory` VALUES (3, 466, 40, 0, '2022-11-19 11:42:53', '2022-11-19 11:42:53');
INSERT INTO `t_inventory` VALUES (3, 467, 31, 0, '2022-11-19 11:41:30', '2022-11-19 11:41:30');
INSERT INTO `t_inventory` VALUES (3, 468, 15, 0, '2022-11-19 11:41:30', '2022-11-19 11:41:30');
INSERT INTO `t_inventory` VALUES (3, 469, 37, 0, '2022-11-19 11:42:53', '2022-11-19 11:42:53');
INSERT INTO `t_inventory` VALUES (3, 470, 121, 0, '2022-11-19 11:41:30', '2022-11-19 11:41:30');
INSERT INTO `t_inventory` VALUES (3, 471, 109, 0, '2022-11-19 11:42:53', '2022-11-19 11:42:53');
INSERT INTO `t_inventory` VALUES (3, 473, 39, 0, '2022-11-19 11:41:30', '2022-11-19 11:41:30');
INSERT INTO `t_inventory` VALUES (3, 474, 10, 0, '2022-11-19 11:42:53', '2022-11-19 11:42:53');
INSERT INTO `t_inventory` VALUES (3, 475, 75, 0, '2022-11-19 11:42:53', '2022-11-19 11:42:53');
INSERT INTO `t_inventory` VALUES (3, 479, 17, 0, '2022-11-19 11:41:30', '2022-11-19 11:41:30');
INSERT INTO `t_inventory` VALUES (3, 480, 51, 0, '2022-11-19 11:41:30', '2022-11-19 11:41:30');
INSERT INTO `t_inventory` VALUES (3, 482, 37, 0, '2022-11-19 11:41:30', '2022-11-19 11:41:30');
INSERT INTO `t_inventory` VALUES (3, 483, 41, 0, '2022-11-19 11:42:53', '2022-11-19 11:42:53');
INSERT INTO `t_inventory` VALUES (3, 485, 43, 0, '2022-11-19 11:42:53', '2022-11-19 11:42:53');
INSERT INTO `t_inventory` VALUES (3, 490, 87, 0, '2022-11-19 11:42:53', '2022-11-19 11:42:53');
INSERT INTO `t_inventory` VALUES (3, 492, 26, 0, '2022-11-19 11:42:53', '2022-11-19 11:42:53');
INSERT INTO `t_inventory` VALUES (3, 493, 20, 0, '2022-11-19 11:42:53', '2022-11-19 11:42:53');
INSERT INTO `t_inventory` VALUES (3, 494, 35, 0, '2022-11-19 11:41:30', '2022-11-19 11:41:30');
INSERT INTO `t_inventory` VALUES (3, 495, 20, 0, '2022-11-19 11:41:30', '2022-11-19 11:41:30');
INSERT INTO `t_inventory` VALUES (3, 496, 105, 0, '2022-11-19 11:41:30', '2022-11-19 11:41:30');
INSERT INTO `t_inventory` VALUES (3, 497, 148, 0, '2022-11-19 11:42:53', '2022-11-19 11:42:53');
INSERT INTO `t_inventory` VALUES (3, 499, 74, 0, '2022-11-19 11:41:30', '2022-11-19 11:41:30');
INSERT INTO `t_inventory` VALUES (3, 500, 30, 0, '2022-11-19 11:42:53', '2022-11-19 11:42:53');
INSERT INTO `t_inventory` VALUES (3, 501, 16, 0, '2022-12-06 18:31:51', '2022-12-06 18:31:51');
INSERT INTO `t_inventory` VALUES (4, 1, 14, 0, '2022-12-07 14:00:19', '2022-12-09 09:10:55');
INSERT INTO `t_inventory` VALUES (4, 2, 1, 0, '2022-12-09 09:10:55', '2022-12-09 09:10:55');
INSERT INTO `t_inventory` VALUES (4, 3, 26, 0, '2022-12-07 14:00:19', '2022-12-09 09:14:46');
INSERT INTO `t_inventory` VALUES (4, 307, 12, 0, '2022-12-09 09:14:46', '2022-12-09 09:14:46');
INSERT INTO `t_inventory` VALUES (4, 433, 6, 0, '2022-12-09 09:14:46', '2022-12-09 09:14:46');
INSERT INTO `t_inventory` VALUES (5, 3, 22, 0, '2022-12-07 13:54:24', '2022-12-07 13:54:24');
INSERT INTO `t_inventory` VALUES (5, 4, 123, 0, '2022-12-07 13:54:24', '2022-12-07 13:54:24');
INSERT INTO `t_inventory` VALUES (5, 6, 13, 0, '2022-12-07 13:54:24', '2022-12-09 09:11:04');
INSERT INTO `t_inventory` VALUES (5, 9, 21, 0, '2022-12-09 09:13:06', '2022-12-09 09:13:06');
INSERT INTO `t_inventory` VALUES (5, 22, 5, 0, '2022-12-07 13:54:24', '2022-12-07 13:54:24');
INSERT INTO `t_inventory` VALUES (5, 44, 6, 0, '2022-12-07 13:54:24', '2022-12-07 13:54:24');
INSERT INTO `t_inventory` VALUES (5, 53, 7, 0, '2022-12-07 13:54:24', '2022-12-07 13:54:24');

-- ----------------------------
-- Table structure for t_record
-- ----------------------------
DROP TABLE IF EXISTS `t_record`;
CREATE TABLE `t_record`  (
  `record_id` int(0) NOT NULL AUTO_INCREMENT COMMENT '记录编号',
  `company_id` int(0) NULL DEFAULT 0 COMMENT '公司编号',
  `whs_id` int(0) NOT NULL DEFAULT 0 COMMENT '仓库编号',
  `receipt_type` char(10) CHARACTER SET utf8mb4 COLLATE utf8mb4_0900_ai_ci NOT NULL DEFAULT '' COMMENT '单据类型',
  `receipt_id` char(32) CHARACTER SET utf8mb4 COLLATE utf8mb4_0900_ai_ci NOT NULL DEFAULT '' COMMENT '单据编号',
  `goods_id` int(0) NOT NULL DEFAULT 0 COMMENT '货品编号',
  `entry_qty` int(0) NOT NULL DEFAULT 0 COMMENT '入库数量',
  `entry_amt` decimal(10, 1) NOT NULL DEFAULT 0.0 COMMENT '入库金额',
  `out_qty` int(0) NOT NULL DEFAULT 0 COMMENT '出库数量',
  `out_amt` decimal(10, 1) NOT NULL DEFAULT 0.0 COMMENT '出库金额',
  `is_deleted` tinyint(1) NOT NULL DEFAULT 0 COMMENT '是否删除',
  `create_time` datetime(0) NOT NULL DEFAULT CURRENT_TIMESTAMP(0) COMMENT '创建时间',
  `udpate_time` datetime(0) NOT NULL DEFAULT CURRENT_TIMESTAMP(0) ON UPDATE CURRENT_TIMESTAMP(0) COMMENT '更新时间',
  PRIMARY KEY (`record_id`) USING BTREE
) ENGINE = InnoDB AUTO_INCREMENT = 69 CHARACTER SET = utf8mb4 COLLATE = utf8mb4_0900_ai_ci ROW_FORMAT = Dynamic;

-- ----------------------------
-- Records of t_record
-- ----------------------------
INSERT INTO `t_record` VALUES (1, 2, 1, '采购入库', 'H20221205121716875', 1, 10, 35000.0, 0, 0.0, 0, '2022-12-05 12:17:16', '2022-12-05 12:17:16');
INSERT INTO `t_record` VALUES (2, 2, 1, '采购入库', 'H20221205121716875', 2, 5, 21500.0, 0, 0.0, 0, '2022-12-05 12:17:16', '2022-12-05 12:17:16');
INSERT INTO `t_record` VALUES (3, 2, 1, '采购入库', 'H20221205121716875', 3, 3, 48000.0, 0, 0.0, 0, '2022-12-05 12:17:16', '2022-12-05 12:17:16');
INSERT INTO `t_record` VALUES (4, 1, 1, '采购入库', 'H20221205200455943', 1, 21, 73500.0, 0, 0.0, 0, '2022-12-05 20:04:55', '2022-12-05 20:04:55');
INSERT INTO `t_record` VALUES (5, 1, 1, '采购入库', 'H20221205200455943', 4, 2, 22000.0, 0, 0.0, 0, '2022-12-05 20:04:56', '2022-12-05 20:04:56');
INSERT INTO `t_record` VALUES (6, 1, 1, '采购入库', 'H20221205200455943', 3, 11, 176000.0, 0, 0.0, 0, '2022-12-05 20:04:56', '2022-12-05 20:04:56');
INSERT INTO `t_record` VALUES (7, 1, 1, '采购入库', 'H20221205200455943', 23, 5, 57329.5, 0, 0.0, 0, '2022-12-05 20:04:56', '2022-12-05 20:04:56');
INSERT INTO `t_record` VALUES (8, 1, 1, '采购入库', 'H20221205200455943', 17, 3, 30163.5, 0, 0.0, 0, '2022-12-05 20:04:56', '2022-12-05 20:04:56');
INSERT INTO `t_record` VALUES (9, 1, 1, '采购入库', 'H20221205200455943', 22, 1, 6179.8, 0, 0.0, 0, '2022-12-05 20:04:56', '2022-12-05 20:04:56');
INSERT INTO `t_record` VALUES (10, 5, 1, '销售出库', 'O20221205200738457', 1, 0, 0.0, 6, 26394.0, 0, '2022-12-05 20:07:38', '2022-12-05 20:07:38');
INSERT INTO `t_record` VALUES (11, 5, 1, '销售出库', 'O20221205200738457', 2, 0, 0.0, 5, 28495.0, 0, '2022-12-05 20:07:38', '2022-12-05 20:07:38');
INSERT INTO `t_record` VALUES (12, 5, 1, '销售出库', 'O20221205200738457', 7, 0, 0.0, 2, 8998.0, 0, '2022-12-05 20:07:38', '2022-12-05 20:07:38');
INSERT INTO `t_record` VALUES (13, 6, 1, '销售出库', 'O20221206002229230', 1, 0, 0.0, 10, 43990.0, 0, '2022-12-06 00:22:29', '2022-12-06 00:22:29');
INSERT INTO `t_record` VALUES (14, 6, 1, '销售出库', 'O20221206002229230', 2, 0, 0.0, 2, 11398.0, 0, '2022-12-06 00:22:29', '2022-12-06 00:22:29');
INSERT INTO `t_record` VALUES (15, 3, 1, '采购入库', 'H20221206002248618', 7, 20, 70000.0, 0, 0.0, 0, '2022-12-06 00:22:48', '2022-12-06 00:22:48');
INSERT INTO `t_record` VALUES (16, -1, 2, '调拨入库', 'A20221206143629732', 1, 6, 0.0, 0, 0.0, 0, '2022-12-06 14:36:29', '2022-12-06 14:36:29');
INSERT INTO `t_record` VALUES (17, -1, 1, '调拨出库', 'A20221206143629732', 1, 0, 0.0, 6, 0.0, 0, '2022-12-06 14:36:29', '2022-12-06 14:36:29');
INSERT INTO `t_record` VALUES (18, -1, 2, '调拨入库', 'A20221206143629732', 3, 3, 0.0, 0, 0.0, 0, '2022-12-06 14:36:29', '2022-12-06 14:36:29');
INSERT INTO `t_record` VALUES (19, -1, 1, '调拨出库', 'A20221206143629732', 3, 0, 0.0, 3, 0.0, 0, '2022-12-06 14:36:29', '2022-12-06 14:36:29');
INSERT INTO `t_record` VALUES (20, -1, 2, '调拨入库', 'A20221206143629732', 10, 2, 0.0, 0, 0.0, 0, '2022-12-06 14:36:29', '2022-12-06 14:36:29');
INSERT INTO `t_record` VALUES (21, -1, 1, '调拨出库', 'A20221206143629732', 10, 0, 0.0, 2, 0.0, 0, '2022-12-06 14:36:29', '2022-12-06 14:36:29');
INSERT INTO `t_record` VALUES (22, 3, 3, '采购入库', 'E20221206183150790', 4, 12, 132000.0, 0, 0.0, 0, '2022-12-06 18:31:50', '2022-12-06 18:31:50');
INSERT INTO `t_record` VALUES (23, 3, 3, '采购入库', 'E20221206183150790', 1, 34, 119000.0, 0, 0.0, 0, '2022-12-06 18:31:50', '2022-12-06 18:31:50');
INSERT INTO `t_record` VALUES (24, 3, 3, '采购入库', 'E20221206183150790', 48, 21, 94731.0, 0, 0.0, 0, '2022-12-06 18:31:50', '2022-12-06 18:31:50');
INSERT INTO `t_record` VALUES (25, 3, 3, '采购入库', 'E20221206183150790', 70, 5, 38261.5, 0, 0.0, 0, '2022-12-06 18:31:50', '2022-12-06 18:31:50');
INSERT INTO `t_record` VALUES (26, 3, 3, '采购入库', 'E20221206183150790', 253, 1, 7227.8, 0, 0.0, 0, '2022-12-06 18:31:50', '2022-12-06 18:31:50');
INSERT INTO `t_record` VALUES (27, 3, 3, '采购入库', 'E20221206183150790', 377, 23, 215654.9, 0, 0.0, 0, '2022-12-06 18:31:50', '2022-12-06 18:31:50');
INSERT INTO `t_record` VALUES (28, 3, 3, '采购入库', 'E20221206183150790', 2, 10, 43000.0, 0, 0.0, 0, '2022-12-06 18:31:50', '2022-12-06 18:31:50');
INSERT INTO `t_record` VALUES (29, 3, 3, '采购入库', 'E20221206183150790', 187, 21, 147258.3, 0, 0.0, 0, '2022-12-06 18:31:50', '2022-12-06 18:31:50');
INSERT INTO `t_record` VALUES (30, 3, 3, '采购入库', 'E20221206183150790', 5, 33, 66000.0, 0, 0.0, 0, '2022-12-06 18:31:50', '2022-12-06 18:31:50');
INSERT INTO `t_record` VALUES (31, 3, 3, '采购入库', 'E20221206183150790', 309, 3, 12574.2, 0, 0.0, 0, '2022-12-06 18:31:50', '2022-12-06 18:31:50');
INSERT INTO `t_record` VALUES (32, 3, 3, '采购入库', 'E20221206183150790', 390, 4, 34547.2, 0, 0.0, 0, '2022-12-06 18:31:51', '2022-12-06 18:31:51');
INSERT INTO `t_record` VALUES (33, 3, 3, '采购入库', 'E20221206183150790', 501, 16, 1969.6, 0, 0.0, 0, '2022-12-06 18:31:51', '2022-12-06 18:31:51');
INSERT INTO `t_record` VALUES (34, 3, 3, '采购入库', 'E20221206183150790', 288, 17, 62388.3, 0, 0.0, 0, '2022-12-06 18:31:51', '2022-12-06 18:31:51');
INSERT INTO `t_record` VALUES (35, 7, 5, '采购入库', 'E20221207135424210', 4, 123, 1353000.0, 0, 0.0, 0, '2022-12-07 13:54:24', '2022-12-07 13:54:24');
INSERT INTO `t_record` VALUES (36, 7, 5, '采购入库', 'E20221207135424210', 3, 22, 352000.0, 0, 0.0, 0, '2022-12-07 13:54:24', '2022-12-07 13:54:24');
INSERT INTO `t_record` VALUES (37, 7, 5, '采购入库', 'E20221207135424210', 6, 1, 1500.0, 0, 0.0, 0, '2022-12-07 13:54:24', '2022-12-07 13:54:24');
INSERT INTO `t_record` VALUES (38, 7, 5, '采购入库', 'E20221207135424210', 22, 5, 30899.0, 0, 0.0, 0, '2022-12-07 13:54:24', '2022-12-07 13:54:24');
INSERT INTO `t_record` VALUES (39, 7, 5, '采购入库', 'E20221207135424210', 44, 6, 47829.0, 0, 0.0, 0, '2022-12-07 13:54:24', '2022-12-07 13:54:24');
INSERT INTO `t_record` VALUES (40, 7, 5, '采购入库', 'E20221207135424210', 53, 7, 47194.0, 0, 0.0, 0, '2022-12-07 13:54:24', '2022-12-07 13:54:24');
INSERT INTO `t_record` VALUES (41, -1, 2, '调拨入库', 'A20221207135527576', 8, 40, 0.0, 0, 0.0, 0, '2022-12-07 13:55:27', '2022-12-07 13:55:27');
INSERT INTO `t_record` VALUES (42, -1, 1, '调拨出库', 'A20221207135527576', 8, 0, 0.0, 40, 0.0, 0, '2022-12-07 13:55:27', '2022-12-07 13:55:27');
INSERT INTO `t_record` VALUES (43, -1, 2, '调拨入库', 'A20221207135527576', 4, 21, 0.0, 0, 0.0, 0, '2022-12-07 13:55:27', '2022-12-07 13:55:27');
INSERT INTO `t_record` VALUES (44, -1, 1, '调拨出库', 'A20221207135527576', 4, 0, 0.0, 21, 0.0, 0, '2022-12-07 13:55:27', '2022-12-07 13:55:27');
INSERT INTO `t_record` VALUES (45, -1, 2, '调拨入库', 'A20221207135527576', 3, 5, 0.0, 0, 0.0, 0, '2022-12-07 13:55:27', '2022-12-07 13:55:27');
INSERT INTO `t_record` VALUES (46, -1, 1, '调拨出库', 'A20221207135527576', 3, 0, 0.0, 5, 0.0, 0, '2022-12-07 13:55:27', '2022-12-07 13:55:27');
INSERT INTO `t_record` VALUES (47, -1, 2, '调拨入库', 'A20221207135725660', 2, 5, 0.0, 0, 0.0, 0, '2022-12-07 13:57:25', '2022-12-07 13:57:25');
INSERT INTO `t_record` VALUES (48, -1, 3, '调拨出库', 'A20221207135725660', 2, 0, 0.0, 5, 0.0, 0, '2022-12-07 13:57:25', '2022-12-07 13:57:25');
INSERT INTO `t_record` VALUES (49, -1, 4, '调拨入库', 'A20221207140019522', 1, 12, 0.0, 0, 0.0, 0, '2022-12-07 14:00:19', '2022-12-07 14:00:19');
INSERT INTO `t_record` VALUES (50, -1, 1, '调拨出库', 'A20221207140019522', 1, 0, 0.0, 12, 0.0, 0, '2022-12-07 14:00:19', '2022-12-07 14:00:19');
INSERT INTO `t_record` VALUES (51, -1, 4, '调拨入库', 'A20221207140019522', 3, 21, 0.0, 0, 0.0, 0, '2022-12-07 14:00:19', '2022-12-07 14:00:19');
INSERT INTO `t_record` VALUES (52, -1, 1, '调拨出库', 'A20221207140019522', 3, 0, 0.0, 21, 0.0, 0, '2022-12-07 14:00:19', '2022-12-07 14:00:19');
INSERT INTO `t_record` VALUES (53, 1, 4, '采购入库', 'E20221209091055656', 1, 2, 7000.0, 0, 0.0, 0, '2022-12-09 09:10:55', '2022-12-09 09:10:55');
INSERT INTO `t_record` VALUES (54, 1, 4, '采购入库', 'E20221209091055656', 2, 1, 4300.0, 0, 0.0, 0, '2022-12-09 09:10:55', '2022-12-09 09:10:55');
INSERT INTO `t_record` VALUES (55, 1, 5, '采购入库', 'E20221209091104829', 6, 12, 18000.0, 0, 0.0, 0, '2022-12-09 09:11:04', '2022-12-09 09:11:04');
INSERT INTO `t_record` VALUES (56, 8, 5, '采购入库', 'E20221209091306575', 9, 21, 115500.0, 0, 0.0, 0, '2022-12-09 09:13:06', '2022-12-09 09:13:06');
INSERT INTO `t_record` VALUES (57, 2, 3, '采购入库', 'E20221209091317408', 53, 12, 80904.0, 0, 0.0, 0, '2022-12-09 09:13:17', '2022-12-09 09:13:17');
INSERT INTO `t_record` VALUES (58, 6, 2, '销售出库', 'O20221209091423680', 5, 0, 0.0, 12, 34788.0, 0, '2022-12-09 09:14:23', '2022-12-09 09:14:23');
INSERT INTO `t_record` VALUES (59, 6, 2, '销售出库', 'O20221209091423680', 3, 0, 0.0, 2, 40000.0, 0, '2022-12-09 09:14:23', '2022-12-09 09:14:23');
INSERT INTO `t_record` VALUES (60, -1, 4, '调拨入库', 'A20221209091446378', 307, 12, 0.0, 0, 0.0, 0, '2022-12-09 09:14:46', '2022-12-09 09:14:46');
INSERT INTO `t_record` VALUES (61, -1, 2, '调拨出库', 'A20221209091446378', 307, 0, 0.0, 12, 0.0, 0, '2022-12-09 09:14:46', '2022-12-09 09:14:46');
INSERT INTO `t_record` VALUES (62, -1, 4, '调拨入库', 'A20221209091446378', 3, 5, 0.0, 0, 0.0, 0, '2022-12-09 09:14:46', '2022-12-09 09:14:46');
INSERT INTO `t_record` VALUES (63, -1, 2, '调拨出库', 'A20221209091446378', 3, 0, 0.0, 5, 0.0, 0, '2022-12-09 09:14:46', '2022-12-09 09:14:46');
INSERT INTO `t_record` VALUES (64, -1, 4, '调拨入库', 'A20221209091446378', 433, 6, 0.0, 0, 0.0, 0, '2022-12-09 09:14:46', '2022-12-09 09:14:46');
INSERT INTO `t_record` VALUES (65, -1, 2, '调拨出库', 'A20221209091446378', 433, 0, 0.0, 6, 0.0, 0, '2022-12-09 09:14:46', '2022-12-09 09:14:46');
INSERT INTO `t_record` VALUES (66, 2, 1, '采购入库', 'E20221218140639213', 2, 14, 60200.0, 0, 0.0, 0, '2022-12-18 14:06:39', '2022-12-18 14:06:39');
INSERT INTO `t_record` VALUES (67, 6, 1, '销售出库', 'O20221218140712922', 2, 0, 0.0, 13, 74087.0, 0, '2022-12-18 14:07:12', '2022-12-18 14:07:12');
INSERT INTO `t_record` VALUES (68, -1, 3, '调拨入库', 'A20221218140728140', 2, 13, 0.0, 0, 0.0, 0, '2022-12-18 14:07:28', '2022-12-18 14:07:28');
INSERT INTO `t_record` VALUES (69, -1, 2, '调拨出库', 'A20221218140728140', 2, 0, 0.0, 13, 0.0, 0, '2022-12-18 14:07:28', '2022-12-18 14:07:28');

-- ----------------------------
-- Table structure for t_user
-- ----------------------------
DROP TABLE IF EXISTS `t_user`;
CREATE TABLE `t_user`  (
  `user_id` int(0) NOT NULL AUTO_INCREMENT COMMENT '用户编号',
  `nickname` varchar(32) CHARACTER SET utf8mb4 COLLATE utf8mb4_0900_ai_ci NOT NULL DEFAULT '' COMMENT '昵称',
  `username` varchar(32) CHARACTER SET utf8mb4 COLLATE utf8mb4_0900_ai_ci NOT NULL DEFAULT '' COMMENT '账号',
  `password` char(32) CHARACTER SET utf8mb4 COLLATE utf8mb4_0900_ai_ci NOT NULL DEFAULT '' COMMENT '密码',
  `is_deleted` tinyint(1) UNSIGNED ZEROFILL NOT NULL DEFAULT 0 COMMENT '是否删除',
  `create_time` datetime(0) NOT NULL DEFAULT CURRENT_TIMESTAMP(0) COMMENT '创建时间',
  `update_time` datetime(0) NOT NULL DEFAULT CURRENT_TIMESTAMP(0) ON UPDATE CURRENT_TIMESTAMP(0) COMMENT '最后修改时间',
  PRIMARY KEY (`user_id`) USING BTREE
) ENGINE = InnoDB CHARACTER SET = utf8mb4 COLLATE = utf8mb4_0900_ai_ci ROW_FORMAT = Dynamic;

-- ----------------------------
-- Records of t_user
-- ----------------------------
INSERT INTO `t_user` VALUES (1, '管理员', 'admin', '21232f297a57a5a743894a0e4a801fc3', 0, '2022-09-27 15:49:03', '2022-10-01 16:55:28');
INSERT INTO `t_user` VALUES (2, '张三', 'zhangsan', '123', 0, '2022-10-01 16:57:34', '2022-10-01 16:57:34');

-- ----------------------------
-- Table structure for t_warehouse
-- ----------------------------
DROP TABLE IF EXISTS `t_warehouse`;
CREATE TABLE `t_warehouse`  (
  `whs_id` int(0) NOT NULL AUTO_INCREMENT COMMENT '仓库编号',
  `whs_name` char(10) CHARACTER SET utf8mb4 COLLATE utf8mb4_0900_ai_ci NOT NULL DEFAULT '' COMMENT '仓库名称',
  `whs_add` varchar(64) CHARACTER SET utf8mb4 COLLATE utf8mb4_0900_ai_ci NOT NULL DEFAULT '' COMMENT '仓库地址',
  `manager_name` char(8) CHARACTER SET utf8mb4 COLLATE utf8mb4_0900_ai_ci NOT NULL DEFAULT '' COMMENT '负责人姓名',
  `manager_Phone` char(16) CHARACTER SET utf8mb4 COLLATE utf8mb4_0900_ai_ci NOT NULL DEFAULT '' COMMENT '负责人电话',
  `whs_comment` varchar(255) CHARACTER SET utf8mb4 COLLATE utf8mb4_0900_ai_ci NOT NULL DEFAULT '' COMMENT '仓库备注',
  `is_deleted` tinyint(1) NOT NULL DEFAULT 0 COMMENT '是否删除',
  `create_time` datetime(0) NOT NULL DEFAULT CURRENT_TIMESTAMP(0) COMMENT '创建时间',
  `update_time` datetime(0) NOT NULL DEFAULT CURRENT_TIMESTAMP(0) ON UPDATE CURRENT_TIMESTAMP(0) COMMENT '更新时间',
  PRIMARY KEY (`whs_id`) USING BTREE
) ENGINE = InnoDB AUTO_INCREMENT = 5 CHARACTER SET = utf8mb4 COLLATE = utf8mb4_0900_ai_ci ROW_FORMAT = Dynamic;

-- ----------------------------
-- Records of t_warehouse
-- ----------------------------
INSERT INTO `t_warehouse` VALUES (1, '1号仓库', '江苏省南京市浦口区宁6路218号', '菜虚昆', '15912345678', '', 0, '2022-10-02 10:15:42', '2022-10-02 10:15:42');
INSERT INTO `t_warehouse` VALUES (2, '2号仓库', '北京市西城区西直门外大街142号', '吴易繁', '13128391858', '该仓库负责人进了监狱，需再找一位负责人', 0, '2022-10-02 10:19:16', '2022-10-02 10:27:14');
INSERT INTO `t_warehouse` VALUES (3, '3号仓库', '河北省廊坊市三河市潮白大街2号', '孙小川', '01018676262', '', 0, '2022-10-02 10:21:26', '2022-11-17 10:49:46');
INSERT INTO `t_warehouse` VALUES (4, '4号仓库', 'test', '张三', '12312341234', '添加测试', 0, '2022-11-28 22:13:59', '2022-11-28 22:13:59');
INSERT INTO `t_warehouse` VALUES (5, '5号仓库', '测试', '小王', '12343211234', '', 0, '2022-12-07 13:53:05', '2022-12-07 13:53:05');

-- ----------------------------
-- Procedure structure for insertGoodsData
-- ----------------------------
DROP PROCEDURE IF EXISTS `insertGoodsData`;
delimiter ;;
CREATE PROCEDURE `insertGoodsData`()
BEGIN
	declare i int;
	declare price double;
	declare qty int;
  set i=1;
START TRANSACTION;
  while(i<=500) do
		set price = rand() * 10000 + 2000;
		set qty = rand() * 100 + 20;
    insert into t_goods(goods_type_id, goods_name, goods_spec, goods_unit, ref_pur_price, ref_sell_price, max_qty, min_qty)
		values(rand()*7 + 1 , concat("凑数", i), concat("凑数", i), "个", price, price + rand()*1000+200, qty + rand()*100 + 50 , qty);
    set i=i+1;
  end while;
commit;

END
;;
delimiter ;

-- ----------------------------
-- Procedure structure for insertInvData
-- ----------------------------
DROP PROCEDURE IF EXISTS `insertInvData`;
delimiter ;;
CREATE PROCEDURE `insertInvData`()
BEGIN
	declare i int;
  set i=1;
START TRANSACTION;
  while(i<=1000) do
    insert ignore into t_inventory(whs_id, goods_id, goods_qty)
		values(rand()*2 + 1 , rand()*499+1, rand()*150);
    set i=i+1;
  end while;
commit;

END
;;
delimiter ;

SET FOREIGN_KEY_CHECKS = 1;
